Cluster	Solanum_andreanum.filter.NLR.pep	Solanum_boliviense.filter.NLR.pep	Solanum_brevicaule.filter.NLR.pep	Solanum_buesii.filter.NLR.pep	Solanum_bulbocastanum.filter.NLR.pep	Solanum_burkartii.filter.NLR.pep	Solanum_cajamarquense.filter.NLR.pep	Solanum_cajamarquenseC534.filter.NLR.pep	Solanum_candolleanum.filter.NLR.pep	Solanum_candolleanumC399.filter.NLR.pep	Solanum_candolleanumC400.filter.NLR.pep	Solanum_candolleanumC454.filter.NLR.pep	Solanum_candolleanumC574.filter.NLR.pep	Solanum_cardiophyllumC509.filter.NLR.pep	Solanum_chacoense.filter.NLR.pep	Solanum_chacoenseC555.filter.NLR.pep	Solanum_chomatophilum.filter.NLR.pep	Solanum_commersonii.filter.NLR.pep	Solanum_commersoniiC672.filter.NLR.pep	Solanum_dolichocremastrumC850.filter.NLR.pep	Solanum_hintoniiC871.filter.NLR.pep	Solanum_jamesii.filter.NLR.pep	Solanum_lignicaule.filter.NLR.pep	Solanum_morelliforme.filter.NLR.pep	Solanum_multiinterruptum.filter.NLR.pep	Solanum_neorossii.filter.NLR.pep	Solanum_paucissectum.filter.NLR.pep	Solanum_pinnatisectum.filter.NLR.pep	Solanum_piurae.filter.NLR.pep	Solanum_sogarandinum.filter.NLR.pep	Solanum_tuberosumC337.filter.NLR.pep	Solanum_tuberosumDM.filter.NLR.pep	Solanum_tuberosumE463.filter.NLR.pep	Solanum_tuberosumRH.filter.NLR.pep	Solanum_tuberosumRH1015.filter.NLR.pep	Solanum_tuberosum_ajanhuri.filter.NLR.pep	Solanum_tuberosum_goniocalyx.filter.NLR.pep	Solanum_tuberosum_goniocalyxC098.filter.NLR.pep	Solanum_tuberosum_phurejaC058.filter.NLR.pep	Solanum_tuberosum_phurejaC115.filter.NLR.pep	Solanum_tuberosum_phurejaC118.filter.NLR.pep	Solanum_tuberosum_phurejaC190.filter.NLR.pep	Solanum_tuberosum_phurejaC219.filter.NLR.pep	Solanum_tuberosum_phurejaC426.filter.NLR.pep	Solanum_tuberosum_phurejaE8669.filter.NLR.pep	Solanum_tuberosum_stenotomumA626.filter.NLR.pep	Solanum_tuberosum_stenotomumC001.filter.NLR.pep	Solanum_tuberosum_stenotomumC005.filter.NLR.pep	Solanum_tuberosum_stenotomumC056.filter.NLR.pep	Solanum_tuberosum_stenotomumC093.filter.NLR.pep	Solanum_tuberosum_stenotomumC151.filter.NLR.pep	Solanum_vernei.filter.NLR.pep	Xknown_Rgene
Clade0000095	Solanum_andreanum_NLR_00G003590.1_NLR_CNL	Solanum_boliviense_NLR_00G009530.1_NLR_CNL,Solanum_boliviense_NLR_00G009560.1_NLR_CN	Solanum_brevicaule_NLR_00G008620.1_NLR_CNL	Solanum_buesii_NLR_00G006420.1_NLR_CNL	Solanum_bulbocastanum_NLR_00G005400.1_NLR_CNL	Solanum_burkartii_NLR_00G000720.1_NLR_CNL	Solanum_cajamarquense_NLR_00G005870.1_NLR_CNL	Solanum_cajamarquenseC534_NLR_00G005290.1_NLR_CNL	Solanum_candolleanum_NLR_00G003270.1_NLR_CNL	Solanum_candolleanumC399_NLR_00G004940.1_NLR_CNL	Solanum_candolleanumC400_NLR_00G006520.1_NLR_CNL	Solanum_candolleanumC454_NLR_00G003130.1_NLR_CNL	Solanum_candolleanumC574_NLR_00G009160.1_NLR_CNL	Solanum_cardiophyllumC509_NLR_00G003810.1_NLR_CNL	Solanum_chacoense_NLR_00G008640.1_NLR_CNL	Solanum_chacoenseC555_NLR_00G011320.1_NLR_CNL	Solanum_chomatophilum_NLR_00G009330.1_NLR_CNL	Solanum_commersonii_NLR_00G005410.1_NLR_CNL	Solanum_commersoniiC672_NLR_00G000670.1_NLR_CNL	Solanum_dolichocremastrumC850_NLR_00G001730.1_NLR_CNL	Solanum_hintoniiC871_NLR_00G005360.1_NLR_CNL	Solanum_jamesii_NLR_00G000960.1_NLR_CNL	Solanum_lignicaule_NLR_00G006320.1_NLR_CNL	Solanum_morelliforme_NLR_00G003240.1_NLR_CNL	Solanum_multiinterruptum_NLR_00G001590.1_NLR_CNL	Solanum_neorossii_NLR_00G011900.1_NLR_CNL,Solanum_neorossii_NLR_00G011920.1_NLR_CNL	Solanum_paucissectum_NLR_00G009660.1_NLR_CNL	Solanum_pinnatisectum_NLR_00G004340.1_NLR_CNL	Solanum_piurae_NLR_00G007010.1_NLR_CNL	Solanum_sogarandinum_NLR_00G004010.1_NLR_CNL	Solanum_tuberosumC337_NLR_00G010120.1_NLR_CNL	Solanum_tuberosumDM_NLR_00G002480.1_NLR_CNL,Solanum_tuberosumDM_NLR_00G002490.1_NLR_CNL	Solanum_tuberosumE463_NLR_00G003110.1_NLR_CNL,Solanum_tuberosumE463_NLR_00G003140.1_NLR_CNL	Solanum_tuberosumRH_NLR_00G002760.1_NLR_CNL	Solanum_tuberosumRH1015_NLR_00G002810.1_NLR_CNL	Solanum_tuberosum_ajanhuri_NLR_00G008030.1_NLR_CNL,Solanum_tuberosum_ajanhuri_NLR_00G008050.1_NLR_CNL	Solanum_tuberosum_goniocalyx_NLR_00G004090.1_NLR_CNL	Solanum_tuberosum_goniocalyxC098_NLR_00G001910.1_NLR_CNL	Solanum_tuberosum_phurejaC058_NLR_00G010280.1_NLR_CNL	Solanum_tuberosum_phurejaC115_NLR_00G007290.1_NLR_CNL	Solanum_tuberosum_phurejaC118_NLR_00G007570.1_NLR_CNL	Solanum_tuberosum_phurejaC190_NLR_00G005460.1_NLR_CNL	Solanum_tuberosum_phurejaC219_NLR_00G010600.1_NLR_CNL	Solanum_tuberosum_phurejaC426_NLR_00G008130.1_NLR_CNL	Solanum_tuberosum_phurejaE8669_NLR_00G003610.1_NLR_CNL	Solanum_tuberosum_stenotomumA626_NLR_00G002880.1_NLR_CNL	Solanum_tuberosum_stenotomumC001_NLR_00G003380.1_NLR_CNL,Solanum_tuberosum_stenotomumC001_NLR_00G003390.1_NLR_CNL	Solanum_tuberosum_stenotomumC005_NLR_00G010570.1_NLR_CNL	Solanum_tuberosum_stenotomumC056_NLR_00G007930.1_NLR_CNL	Solanum_tuberosum_stenotomumC093_NLR_00G003330.1_NLR_CNL	Solanum_tuberosum_stenotomumC151_NLR_00G003180.1_NLR_CNL	Solanum_vernei_NLR_00G005000.1_NLR_CNL	NRC3_helper
Clade0000099	Solanum_andreanum_NLR_00G008450.1_NLR_CNL	Solanum_boliviense_NLR_00G007370.1_NLR_CNL,Solanum_boliviense_NLR_00G007380.1_NLR_CNL,Solanum_boliviense_NLR_00G007390.1_NLR_CNL	Solanum_brevicaule_NLR_00G009990.1_NLR_CNL	Solanum_buesii_NLR_00G001590.1_NLR_CNL	Solanum_bulbocastanum_NLR_00G000230.1_NLR_NL	Solanum_burkartii_NLR_00G003860.1_NLR_CNL,Solanum_burkartii_NLR_00G003870.1_NLR_CNL,Solanum_burkartii_NLR_00G003880.1_NLR_CNL,Solanum_burkartii_NLR_00G003890.1_NLR_CNL	Solanum_cajamarquense_NLR_00G002780.1_NLR_CNL	Solanum_cajamarquenseC534_NLR_00G002480.1_NLR_CNL	Solanum_candolleanum_NLR_00G010620.1_NLR_CNL	Solanum_candolleanumC399_NLR_00G001960.1_NLR_CNL	Solanum_candolleanumC400_NLR_00G006260.1_NLR_CNL	Solanum_candolleanumC454_NLR_00G009250.1_NLR_CNL	Solanum_candolleanumC574_NLR_00G001500.1_NLR_CNL	Solanum_cardiophyllumC509_NLR_00G004610.1_NLR_NL	Solanum_chacoense_NLR_00G003740.1_NLR_CNL	Solanum_chacoenseC555_NLR_00G003440.1_NLR_CNL	Solanum_chomatophilum_NLR_00G006580.1_NLR_CNL	Solanum_commersonii_NLR_00G003710.1_NLR_CNL	Solanum_commersoniiC672_NLR_00G003940.1_NLR_CNL	Solanum_dolichocremastrumC850_NLR_00G003730.1_NLR_CNL	Solanum_hintoniiC871_NLR_00G001560.1_NLR_CNL	Solanum_jamesii_NLR_00G000340.1_NLR_NL	Solanum_lignicaule_NLR_00G003290.1_NLR_CNL	Solanum_morelliforme_NLR_00G004940.1_NLR_CNL	Solanum_multiinterruptum_NLR_00G001960.1_NLR_CNL	Solanum_neorossii_NLR_00G005470.1_NLR_CNL	Solanum_paucissectum_NLR_00G000210.1_NLR_CNL	Solanum_pinnatisectum_NLR_00G000400.1_NLR_NL	Solanum_piurae_NLR_00G005610.1_NLR_CNL	Solanum_sogarandinum_NLR_00G006100.1_NLR_CNL	Solanum_tuberosumC337_NLR_00G006960.1_NLR_CNL	Solanum_tuberosumDM_NLR_00G009460.1_NLR_CNL	Solanum_tuberosumE463_NLR_00G010790.1_NLR_CNL	Solanum_tuberosumRH_NLR_00G012340.1_NLR_CNL	Solanum_tuberosumRH1015_NLR_00G011230.1_NLR_CNL	Solanum_tuberosum_ajanhuri_NLR_00G004220.1_NLR_CNL	Solanum_tuberosum_goniocalyx_NLR_00G009910.1_NLR_CNL	Solanum_tuberosum_goniocalyxC098_NLR_00G004870.1_NLR_NL	Solanum_tuberosum_phurejaC058_NLR_00G006230.1_NLR_CNL	Solanum_tuberosum_phurejaC115_NLR_00G002750.1_NLR_CNL	Solanum_tuberosum_phurejaC118_NLR_00G005930.1_NLR_CNL	Solanum_tuberosum_phurejaC190_NLR_00G007210.1_NLR_CNL	Solanum_tuberosum_phurejaC219_NLR_00G003860.1_NLR_CNL	Solanum_tuberosum_phurejaC426_NLR_00G004860.1_NLR_CNL	Solanum_tuberosum_phurejaE8669_NLR_00G010930.1_NLR_CNL	Solanum_tuberosum_stenotomumA626_NLR_00G010020.1_NLR_CNL	Solanum_tuberosum_stenotomumC001_NLR_00G010190.1_NLR_CNL	Solanum_tuberosum_stenotomumC005_NLR_00G008710.1_NLR_CNL	Solanum_tuberosum_stenotomumC056_NLR_00G006940.1_NLR_CNL	Solanum_tuberosum_stenotomumC093_NLR_00G001840.1_NLR_CNL	Solanum_tuberosum_stenotomumC151_NLR_00G010530.1_NLR_CNL	Solanum_vernei_NLR_00G000060.1_NLR_CNL,Solanum_vernei_NLR_00G000070.1_NLR_CNL	-
Clade0000104	Solanum_andreanum_NLR_00G003240.1_NLR_CNL	Solanum_boliviense_NLR_00G001700.1_NLR_CNL	Solanum_brevicaule_NLR_00G011410.1_NLR_CNL	Solanum_buesii_NLR_00G007150.1_NLR_CNL	Solanum_bulbocastanum_NLR_00G005000.1_NLR_CNL	Solanum_burkartii_NLR_00G000280.1_NLR_CNL	Solanum_cajamarquense_NLR_00G005850.1_NLR_CNL	Solanum_cajamarquenseC534_NLR_00G004270.1_NLR_CNL	Solanum_candolleanum_NLR_00G003690.1_NLR_CNL	Solanum_candolleanumC399_NLR_00G004460.1_NLR_CNL	Solanum_candolleanumC400_NLR_00G007760.1_NLR_CNL	Solanum_candolleanumC454_NLR_00G002560.1_NLR_CNL	Solanum_candolleanumC574_NLR_00G008750.1_NLR_CNL	Solanum_cardiophyllumC509_NLR_00G003430.1_NLR_CNL	Solanum_chacoense_NLR_00G005770.1_NLR_CNL	Solanum_chacoenseC555_NLR_00G006120.1_NLR_CNL	Solanum_chomatophilum_NLR_00G009700.1_NLR_CNL	Solanum_commersonii_NLR_00G005200.1_NLR_CNL	Solanum_commersoniiC672_NLR_00G000330.1_NLR_CNL	Solanum_dolichocremastrumC850_NLR_00G007290.1_NLR_CNL	Solanum_hintoniiC871_NLR_00G006730.1_NLR_CNL	Solanum_jamesii_NLR_00G001280.1_NLR_CNL	Solanum_lignicaule_NLR_00G005990.1_NLR_CNL	Solanum_morelliforme_NLR_00G003050.1_NLR_CNL	Solanum_multiinterruptum_NLR_00G001260.1_NLR_CNL	Solanum_neorossii_NLR_00G011460.1_NLR_CNL	Solanum_paucissectum_NLR_00G009100.1_NLR_CNL	Solanum_pinnatisectum_NLR_00G004040.1_NLR_CNL	Solanum_piurae_NLR_00G006480.1_NLR_CNL	Solanum_sogarandinum_NLR_00G004420.1_NLR_CNL	Solanum_tuberosumC337_NLR_00G009740.1_NLR_CNL	Solanum_tuberosumDM_NLR_00G002840.1_NLR_CNL	Solanum_tuberosumE463_NLR_00G004020.1_NLR_CNL	Solanum_tuberosumRH_NLR_00G003470.1_NLR_CNL	Solanum_tuberosumRH1015_NLR_00G003210.1_NLR_CNL	Solanum_tuberosum_ajanhuri_NLR_00G000200.1_NLR_CNL	Solanum_tuberosum_goniocalyx_NLR_00G003660.1_NLR_CNL	Solanum_tuberosum_goniocalyxC098_NLR_00G001460.1_NLR_CNL	Solanum_tuberosum_phurejaC058_NLR_00G010700.1_NLR_CNL	Solanum_tuberosum_phurejaC115_NLR_00G001150.1_NLR_CNL	Solanum_tuberosum_phurejaC118_NLR_00G007020.1_NLR_CNL	Solanum_tuberosum_phurejaC190_NLR_00G004940.1_NLR_CNL	Solanum_tuberosum_phurejaC219_NLR_00G011200.1_NLR_CNL	Solanum_tuberosum_phurejaC426_NLR_00G003060.1_NLR_CNL	Solanum_tuberosum_phurejaE8669_NLR_00G003900.1_NLR_CNL	Solanum_tuberosum_stenotomumA626_NLR_00G003370.1_NLR_CNL	Solanum_tuberosum_stenotomumC001_NLR_00G002920.1_NLR_CNL	Solanum_tuberosum_stenotomumC005_NLR_00G000730.1_NLR_CNL	Solanum_tuberosum_stenotomumC056_NLR_00G004050.1_NLR_CNL	Solanum_tuberosum_stenotomumC093_NLR_00G003750.1_NLR_CNL	Solanum_tuberosum_stenotomumC151_NLR_00G003600.1_NLR_CNL	Solanum_vernei_NLR_00G002250.1_NLR_CNL	Prf_sensor	CC-NRC-sensors	Single copy
Clade0000106	Solanum_andreanum_NLR_00G004000.1_NLR_TNL	Solanum_boliviense_NLR_00G002470.1_NLR_TNL	Solanum_brevicaule_NLR_00G010600.1_NLR_TNL	Solanum_buesii_NLR_00G008520.1_NLR_TNL	Solanum_bulbocastanum_NLR_00G004680.1_NLR_TNL	Solanum_burkartii_NLR_00G001240.1_NLR_TNL	Solanum_cajamarquense_NLR_00G002440.1_NLR_NL	Solanum_cajamarquenseC534_NLR_00G002130.1_NLR_TNL	Solanum_candolleanum_NLR_00G000480.1_NLR_TNL	Solanum_candolleanumC399_NLR_00G008560.1_NLR_TNL	Solanum_candolleanumC400_NLR_00G000150.1_NLR_TNL	Solanum_candolleanumC454_NLR_00G006400.1_NLR_TNL	Solanum_candolleanumC574_NLR_00G005020.1_NLR_TNL	Solanum_cardiophyllumC509_NLR_00G001330.1_NLR_TNL	Solanum_chacoense_NLR_00G008380.1_NLR_TNL	Solanum_chacoenseC555_NLR_00G003890.1_NLR_TNL	Solanum_chomatophilum_NLR_00G000360.1_NLR_TNL,Solanum_chomatophilum_NLR_00G000390.1_NLR_TNL	Solanum_commersonii_NLR_00G004570.1_NLR_TNL	Solanum_commersoniiC672_NLR_00G001780.1_NLR_TNL	Solanum_dolichocremastrumC850_NLR_00G000690.1_NLR_TNL	Solanum_hintoniiC871_NLR_00G005580.1_NLR_TNL	Solanum_jamesii_NLR_00G000100.1_NLR_TNL	Solanum_lignicaule_NLR_00G002310.1_NLR_TNL	Solanum_morelliforme_NLR_00G001790.1_NLR_TNL	Solanum_multiinterruptum_NLR_00G008250.1_NLR_TNL,Solanum_multiinterruptum_NLR_00G008290.1_NLR_NL	Solanum_neorossii_NLR_00G001770.1_NLR_TNL	Solanum_paucissectum_NLR_00G008900.1_NLR_TNL	Solanum_pinnatisectum_NLR_00G000070.1_NLR_TNL	Solanum_piurae_NLR_00G001570.1_NLR_TNL	Solanum_sogarandinum_NLR_00G000070.1_NLR_TNL,Solanum_sogarandinum_NLR_00G000100.1_NLR_TNL,Solanum_sogarandinum_NLR_00G000130.1_NLR_TNL	Solanum_tuberosumC337_NLR_00G002520.1_NLR_TNL	Solanum_tuberosumDM_NLR_00G000530.1_NLR_TNL	Solanum_tuberosumE463_NLR_00G000480.1_NLR_TNL	Solanum_tuberosumRH_NLR_00G000550.1_NLR_TNL	Solanum_tuberosumRH1015_NLR_00G000470.1_NLR_TNL	Solanum_tuberosum_ajanhuri_NLR_00G003470.1_NLR_TNL	Solanum_tuberosum_goniocalyx_NLR_00G006990.1_NLR_TNL	Solanum_tuberosum_goniocalyxC098_NLR_00G002620.1_NLR_TNL	Solanum_tuberosum_phurejaC058_NLR_00G000240.1_NLR_TNL	Solanum_tuberosum_phurejaC115_NLR_00G001080.1_NLR_TNL	Solanum_tuberosum_phurejaC118_NLR_00G008000.1_NLR_TNL	Solanum_tuberosum_phurejaC190_NLR_00G008650.1_NLR_TNL	Solanum_tuberosum_phurejaC219_NLR_00G005920.1_NLR_TNL	Solanum_tuberosum_phurejaC426_NLR_00G000060.1_NLR_TNL	Solanum_tuberosum_phurejaE8669_NLR_00G000490.1_NLR_TNL	Solanum_tuberosum_stenotomumA626_NLR_00G000470.1_NLR_TNL	Solanum_tuberosum_stenotomumC001_NLR_00G003970.1_NLR_TNL	Solanum_tuberosum_stenotomumC005_NLR_00G003710.1_NLR_TNL	Solanum_tuberosum_stenotomumC056_NLR_00G000040.1_NLR_TNL	Solanum_tuberosum_stenotomumC093_NLR_00G002970.1_NLR_TNL	Solanum_tuberosum_stenotomumC151_NLR_00G000550.1_NLR_TNL	Solanum_vernei_NLR_00G010370.1_NLR_TNL	-
Clade0000110	Solanum_andreanum_NLR_00G003950.1_NLR_CNL	Solanum_boliviense_NLR_00G007290.1_NLR_CNL	Solanum_brevicaule_NLR_00G004260.1_NLR_CNL	Solanum_buesii_NLR_00G011060.1_NLR_CNL	Solanum_bulbocastanum_NLR_00G001370.1_NLR_CNL	Solanum_burkartii_NLR_00G008010.1_NLR_CNL	Solanum_cajamarquense_NLR_00G007370.1_NLR_CNL	Solanum_cajamarquenseC534_NLR_00G000880.1_NLR_CNL	Solanum_candolleanum_NLR_00G007200.1_NLR_CNL	Solanum_candolleanumC399_NLR_00G003260.1_NLR_CNL	Solanum_candolleanumC400_NLR_00G000310.1_NLR_CNL	Solanum_candolleanumC454_NLR_00G000410.1_NLR_CNL	Solanum_candolleanumC574_NLR_00G009350.1_NLR_CNL	Solanum_cardiophyllumC509_NLR_00G000390.1_NLR_CNL	Solanum_chacoense_NLR_00G006010.1_NLR_CNL	Solanum_chacoenseC555_NLR_00G000130.1_NLR_CNL	Solanum_chomatophilum_NLR_00G010590.1_NLR_CNL	Solanum_commersonii_NLR_00G002150.1_NLR_CNL	Solanum_commersoniiC672_NLR_00G006820.1_NLR_CNL	Solanum_dolichocremastrumC850_NLR_00G001000.1_NLR_CNL,Solanum_dolichocremastrumC850_NLR_00G006570.1_NLR_CNL	Solanum_hintoniiC871_NLR_00G003680.1_NLR_CNL	Solanum_jamesii_NLR_00G006280.1_NLR_CNL	Solanum_lignicaule_NLR_00G007730.1_NLR_CNL	Solanum_morelliforme_NLR_00G001400.1_NLR_CNL	Solanum_multiinterruptum_NLR_00G004690.1_NLR_CNL	Solanum_neorossii_NLR_00G004450.1_NLR_CNL	Solanum_paucissectum_NLR_00G001350.1_NLR_CNL	Solanum_pinnatisectum_NLR_00G001910.1_NLR_CNL	Solanum_piurae_NLR_00G007170.1_NLR_CNL	Solanum_sogarandinum_NLR_00G005230.1_NLR_CNL	Solanum_tuberosumC337_NLR_00G003740.1_NLR_CNL	Solanum_tuberosumDM_NLR_00G006620.1_NLR_CNL	Solanum_tuberosumE463_NLR_00G007840.1_NLR_CNL	Solanum_tuberosumRH_NLR_00G008450.1_NLR_CNL	Solanum_tuberosumRH1015_NLR_00G007380.1_NLR_CNL	Solanum_tuberosum_ajanhuri_NLR_00G002780.1_NLR_CNL,Solanum_tuberosum_ajanhuri_NLR_00G002790.1_NLR_CNL	Solanum_tuberosum_goniocalyx_NLR_00G002500.1_NLR_CNL	Solanum_tuberosum_goniocalyxC098_NLR_00G010060.1_NLR_CNL	Solanum_tuberosum_phurejaC058_NLR_00G003160.1_NLR_CNL	Solanum_tuberosum_phurejaC115_NLR_00G002460.1_NLR_CNL	Solanum_tuberosum_phurejaC118_NLR_00G003320.1_NLR_CNL	Solanum_tuberosum_phurejaC190_NLR_00G008210.1_NLR_CNL	Solanum_tuberosum_phurejaC219_NLR_00G002380.1_NLR_CNL	Solanum_tuberosum_phurejaC426_NLR_00G004750.1_NLR_CNL	Solanum_tuberosum_phurejaE8669_NLR_00G007870.1_NLR_CNL	Solanum_tuberosum_stenotomumA626_NLR_00G007280.1_NLR_CNL	Solanum_tuberosum_stenotomumC001_NLR_00G008850.1_NLR_CNL	Solanum_tuberosum_stenotomumC005_NLR_00G009010.1_NLR_CNL	Solanum_tuberosum_stenotomumC056_NLR_00G000370.1_NLR_CNL	Solanum_tuberosum_stenotomumC093_NLR_00G001180.1_NLR_CNL	Solanum_tuberosum_stenotomumC151_NLR_00G007520.1_NLR_CNL	Solanum_vernei_NLR_00G002420.1_NLR_CNL	NRC2_helper
Clade0000112	Solanum_andreanum_NLR_00G008260.1_NLR_CNL	Solanum_boliviense_NLR_00G007560.1_NLR_CNL	Solanum_brevicaule_NLR_00G006900.1_NLR_CNL	Solanum_buesii_NLR_00G001770.1_NLR_CNL	Solanum_bulbocastanum_NLR_00G000150.1_NLR_CNL	Solanum_burkartii_NLR_00G003990.1_NLR_CN	Solanum_cajamarquense_NLR_00G002630.1_NLR_CNL	Solanum_cajamarquenseC534_NLR_00G002360.1_NLR_CNL	Solanum_candolleanum_NLR_00G010510.1_NLR_CNL	Solanum_candolleanumC399_NLR_00G002120.1_NLR_CNL	Solanum_candolleanumC400_NLR_00G005480.1_NLR_CNL	Solanum_candolleanumC454_NLR_00G006260.1_NLR_CNL	Solanum_candolleanumC574_NLR_00G001260.1_NLR_CNL	Solanum_cardiophyllumC509_NLR_00G004760.1_NLR_CNL	Solanum_chacoense_NLR_00G003860.1_NLR_CN	Solanum_chacoenseC555_NLR_00G003580.1_NLR_CNL	Solanum_chomatophilum_NLR_00G006680.1_NLR_CNL	Solanum_commersonii_NLR_00G003820.1_NLR_CNL	Solanum_commersoniiC672_NLR_00G003830.1_NLR_CNL	Solanum_dolichocremastrumC850_NLR_00G003420.1_NLR_CNL,Solanum_dolichocremastrumC850_NLR_00G003640.1_NLR_CNL	Solanum_hintoniiC871_NLR_00G001690.1_NLR_CNL	Solanum_jamesii_NLR_00G000470.1_NLR_CNL	Solanum_lignicaule_NLR_00G003410.1_NLR_CN,Solanum_lignicaule_NLR_00G003420.1_NLR_NL	Solanum_morelliforme_NLR_00G004810.1_NLR_CNL	Solanum_multiinterruptum_NLR_00G001850.1_NLR_CNL	Solanum_neorossii_NLR_00G005600.1_NLR_CNL	Solanum_paucissectum_NLR_00G000070.1_NLR_CNL	Solanum_pinnatisectum_NLR_00G000280.1_NLR_CNL	Solanum_piurae_NLR_00G005510.1_NLR_CNL	Solanum_sogarandinum_NLR_00G006200.1_NLR_CNL	Solanum_tuberosumC337_NLR_00G000120.1_NLR_CNL	Solanum_tuberosumDM_NLR_00G009310.1_NLR_CNL	Solanum_tuberosumE463_NLR_00G010640.1_NLR_CNL	Solanum_tuberosumRH_NLR_00G012150.1_NLR_CNL	Solanum_tuberosumRH1015_NLR_00G011100.1_NLR_CNL	Solanum_tuberosum_ajanhuri_NLR_00G004380.1_NLR_CNL	Solanum_tuberosum_goniocalyx_NLR_00G006740.1_NLR_CNL	Solanum_tuberosum_goniocalyxC098_NLR_00G004700.1_NLR_CNL	Solanum_tuberosum_phurejaC058_NLR_00G006080.1_NLR_CNL	Solanum_tuberosum_phurejaC115_NLR_00G008780.1_NLR_CNL	Solanum_tuberosum_phurejaC118_NLR_00G005750.1_NLR_CNL	Solanum_tuberosum_phurejaC190_NLR_00G007350.1_NLR_CNL	Solanum_tuberosum_phurejaC219_NLR_00G003700.1_NLR_CNL	Solanum_tuberosum_phurejaC426_NLR_00G004990.1_NLR_CNL	Solanum_tuberosum_phurejaE8669_NLR_00G010790.1_NLR_CN	Solanum_tuberosum_stenotomumA626_NLR_00G009880.1_NLR_CNL	Solanum_tuberosum_stenotomumC001_NLR_00G005410.1_NLR_CNL,Solanum_tuberosum_stenotomumC001_NLR_00G010070.1_NLR_CNL	Solanum_tuberosum_stenotomumC005_NLR_00G008890.1_NLR_CNL	Solanum_tuberosum_stenotomumC056_NLR_00G007130.1_NLR_CNL	Solanum_tuberosum_stenotomumC093_NLR_00G002010.1_NLR_CNL	Solanum_tuberosum_stenotomumC151_NLR_00G010300.1_NLR_CNL	Solanum_vernei_NLR_00G000210.1_NLR_CNL	-
Clade0000113	Solanum_andreanum_NLR_00G008250.1_NLR_NL	Solanum_boliviense_NLR_00G009800.1_NLR_NL	Solanum_brevicaule_NLR_00G011290.1_NLR_NL	Solanum_buesii_NLR_00G001780.1_NLR_NL	Solanum_bulbocastanum_NLR_00G000130.1_NLR_NL	Solanum_burkartii_NLR_00G004010.1_NLR_NL	Solanum_cajamarquense_NLR_00G002620.1_NLR_NL	Solanum_cajamarquenseC534_NLR_00G002350.1_NLR_NL	Solanum_candolleanum_NLR_00G010500.1_NLR_NL	Solanum_candolleanumC399_NLR_00G002140.1_NLR_NBS	Solanum_candolleanumC400_NLR_00G005490.1_NLR_NL	Solanum_candolleanumC454_NLR_00G006270.1_NLR_NL	Solanum_candolleanumC574_NLR_00G001250.1_NLR_NL	Solanum_cardiophyllumC509_NLR_00G004770.1_NLR_NL	Solanum_chacoense_NLR_00G003890.1_NLR_NL	Solanum_chacoenseC555_NLR_00G003590.1_NLR_NL	Solanum_chomatophilum_NLR_00G006690.1_NLR_NL	Solanum_commersonii_NLR_00G003830.1_NLR_NL	Solanum_commersoniiC672_NLR_00G003820.1_NLR_NL	Solanum_dolichocremastrumC850_NLR_00G003410.1_NLR_NL	Solanum_hintoniiC871_NLR_00G001700.1_NLR_NL	Solanum_jamesii_NLR_00G000480.1_NLR_NL	Solanum_lignicaule_NLR_00G003430.1_NLR_NL	Solanum_morelliforme_NLR_00G004790.1_NLR_NBS	Solanum_multiinterruptum_NLR_00G001840.1_NLR_NL	Solanum_neorossii_NLR_00G005610.1_NLR_NL	Solanum_paucissectum_NLR_00G000060.1_NLR_NL	Solanum_pinnatisectum_NLR_00G000270.1_NLR_NL	Solanum_piurae_NLR_00G005500.1_NLR_NL	Solanum_sogarandinum_NLR_00G006210.1_NLR_NL	Solanum_tuberosumC337_NLR_00G000130.1_NLR_NL	Solanum_tuberosumDM_NLR_00G009300.1_NLR_NL	Solanum_tuberosumE463_NLR_00G010630.1_NLR_NL	Solanum_tuberosumRH_NLR_00G012140.1_NLR_NL	Solanum_tuberosumRH1015_NLR_00G011080.1_NLR_NL	Solanum_tuberosum_ajanhuri_NLR_00G004390.1_NLR_NL	Solanum_tuberosum_goniocalyx_NLR_00G006750.1_NLR_NL	Solanum_tuberosum_goniocalyxC098_NLR_00G004690.1_NLR_NL	Solanum_tuberosum_phurejaC058_NLR_00G006070.1_NLR_NL	Solanum_tuberosum_phurejaC115_NLR_00G007920.1_NLR_NL	Solanum_tuberosum_phurejaC118_NLR_00G005740.1_NLR_NL	Solanum_tuberosum_phurejaC190_NLR_00G007360.1_NLR_NL	Solanum_tuberosum_phurejaC219_NLR_00G003690.1_NLR_NL	Solanum_tuberosum_phurejaC426_NLR_00G005000.1_NLR_NL	Solanum_tuberosum_phurejaE8669_NLR_00G010770.1_NLR_NL	Solanum_tuberosum_stenotomumA626_NLR_00G009870.1_NLR_NL	Solanum_tuberosum_stenotomumC001_NLR_00G005420.1_NLR_NL,Solanum_tuberosum_stenotomumC001_NLR_00G010060.1_NLR_NL	Solanum_tuberosum_stenotomumC005_NLR_00G008910.1_NLR_NL	Solanum_tuberosum_stenotomumC056_NLR_00G007150.1_NLR_NL	Solanum_tuberosum_stenotomumC093_NLR_00G002030.1_NLR_NL	Solanum_tuberosum_stenotomumC151_NLR_00G010290.1_NLR_NL	Solanum_vernei_NLR_00G000220.1_NLR_NL	RPS2_Arabidopsis_sensor,RPS5_Arabidopsis_singleton
Clade0000114	Solanum_andreanum_NLR_00G004020.1_NLR_TN	Solanum_boliviense_NLR_00G002400.1_NLR_TN	Solanum_brevicaule_NLR_00G010850.1_NLR_TN	Solanum_buesii_NLR_00G008580.1_NLR_TN	Solanum_bulbocastanum_NLR_00G004800.1_NLR_TN	Solanum_burkartii_NLR_00G007030.1_NLR_NBS	Solanum_cajamarquense_NLR_00G002380.1_NLR_TN	Solanum_cajamarquenseC534_NLR_00G002080.1_NLR_TN	Solanum_candolleanum_NLR_00G000430.1_NLR_TN	Solanum_candolleanumC399_NLR_00G008500.1_NLR_NBS	Solanum_candolleanumC400_NLR_00G000200.1_NLR_TN	Solanum_candolleanumC454_NLR_00G006290.1_NLR_TN	Solanum_candolleanumC574_NLR_00G005080.1_NLR_TN	Solanum_cardiophyllumC509_NLR_00G001380.1_NLR_TN	Solanum_chacoense_NLR_00G008310.1_NLR_TN	Solanum_chacoenseC555_NLR_00G003830.1_NLR_TN	Solanum_chomatophilum_NLR_00G000420.1_NLR_TN,Solanum_chomatophilum_NLR_00G000470.1_NLR_TN	Solanum_commersonii_NLR_00G004670.1_NLR_TN	Solanum_commersoniiC672_NLR_00G001740.1_NLR_TN	Solanum_dolichocremastrumC850_NLR_00G000870.1_NLR_TN	Solanum_hintoniiC871_NLR_00G005670.1_NLR_TN	Solanum_jamesii_NLR_00G000180.1_NLR_TN	Solanum_lignicaule_NLR_00G002230.1_NLR_TN	Solanum_morelliforme_NLR_00G001840.1_NLR_TN	Solanum_multiinterruptum_NLR_00G008190.1_NLR_TN	Solanum_neorossii_NLR_00G001670.1_NLR_TN	Solanum_paucissectum_NLR_00G008990.1_NLR_TN	Solanum_pinnatisectum_NLR_00G000140.1_NLR_TN	Solanum_piurae_NLR_00G001610.1_NLR_TN	Solanum_sogarandinum_NLR_00G000160.1_NLR_TN	Solanum_tuberosumC337_NLR_00G002660.1_NLR_TN	Solanum_tuberosumDM_NLR_00G000430.1_NLR_TN	Solanum_tuberosumE463_NLR_00G000410.1_NLR_TN	Solanum_tuberosumRH_NLR_00G000490.1_NLR_TN	Solanum_tuberosumRH1015_NLR_00G000420.1_NLR_TN	Solanum_tuberosum_ajanhuri_NLR_00G003380.1_NLR_TN	Solanum_tuberosum_goniocalyx_NLR_00G006940.1_NLR_TN	Solanum_tuberosum_goniocalyxC098_NLR_00G002490.1_NLR_TN	Solanum_tuberosum_phurejaC058_NLR_00G000440.1_NLR_TN	Solanum_tuberosum_phurejaC115_NLR_00G001010.1_NLR_TN	Solanum_tuberosum_phurejaC118_NLR_00G007930.1_NLR_TN	Solanum_tuberosum_phurejaC190_NLR_00G008580.1_NLR_TN	Solanum_tuberosum_phurejaC219_NLR_00G005970.1_NLR_TN	Solanum_tuberosum_phurejaC426_NLR_00G000110.1_NLR_TN	Solanum_tuberosum_phurejaE8669_NLR_00G000440.1_NLR_TN	Solanum_tuberosum_stenotomumA626_NLR_00G000420.1_NLR_TN	Solanum_tuberosum_stenotomumC001_NLR_00G003920.1_NLR_TN	Solanum_tuberosum_stenotomumC005_NLR_00G003650.1_NLR_TN	Solanum_tuberosum_stenotomumC056_NLR_00G000180.1_NLR_TN	Solanum_tuberosum_stenotomumC093_NLR_00G003110.1_NLR_TN	Solanum_tuberosum_stenotomumC151_NLR_00G000410.1_NLR_TN	Solanum_vernei_NLR_00G010510.1_NLR_TN	Rpi-caj1_sensor
Clade0000116	Solanum_andreanum_NLR_00G005990.1_NLR_CNL	Solanum_boliviense_NLR_00G009420.1_NLR_CNL	Solanum_brevicaule_NLR_00G003010.1_NLR_CNL	Solanum_buesii_NLR_00G009640.1_NLR_CNL	Solanum_bulbocastanum_NLR_00G002510.1_NLR_CNL	Solanum_burkartii_NLR_00G008860.1_NLR_CNL	Solanum_cajamarquense_NLR_00G007910.1_NLR_CNL	Solanum_cajamarquenseC534_NLR_00G000790.1_NLR_CNL	Solanum_candolleanum_NLR_00G005620.1_NLR_CNL	Solanum_candolleanumC399_NLR_00G006600.1_NLR_CNL	Solanum_candolleanumC400_NLR_00G003160.1_NLR_CNL	Solanum_candolleanumC454_NLR_00G000950.1_NLR_CNL	Solanum_candolleanumC574_NLR_00G008500.1_NLR_CNL	Solanum_cardiophyllumC509_NLR_00G006490.1_NLR_CNL	Solanum_chacoense_NLR_00G013340.1_NLR_CNL	Solanum_chacoenseC555_NLR_00G000220.1_NLR_CNL	Solanum_chomatophilum_NLR_00G000240.1_NLR_CNL	Solanum_commersonii_NLR_00G000170.1_NLR_CNL	Solanum_commersoniiC672_NLR_00G001830.1_NLR_CNL	Solanum_dolichocremastrumC850_NLR_00G002280.1_NLR_CNL	Solanum_hintoniiC871_NLR_00G006610.1_NLR_CNL	Solanum_jamesii_NLR_00G004840.1_NLR_CNL	Solanum_lignicaule_NLR_00G006580.1_NLR_CNL	Solanum_morelliforme_NLR_00G004720.1_NLR_CNL	Solanum_multiinterruptum_NLR_00G005710.1_NLR_CNL	Solanum_neorossii_NLR_00G008430.1_NLR_CNL	Solanum_paucissectum_NLR_00G011310.1_NLR_CNL	Solanum_pinnatisectum_NLR_00G002540.1_NLR_CNL	Solanum_piurae_NLR_00G004210.1_NLR_CNL	Solanum_sogarandinum_NLR_00G001230.1_NLR_CNL	Solanum_tuberosumC337_NLR_00G000690.1_NLR_CNL	Solanum_tuberosumDM_NLR_00G004800.1_NLR_CNL	Solanum_tuberosumE463_NLR_00G006170.1_NLR_CNL	Solanum_tuberosumRH_NLR_00G005750.1_NLR_CNL,Solanum_tuberosumRH_NLR_00G006190.1_NLR_CNL	Solanum_tuberosumRH1015_NLR_00G005160.1_NLR_CNL	Solanum_tuberosum_ajanhuri_NLR_00G008430.1_NLR_CNL	Solanum_tuberosum_goniocalyx_NLR_00G008770.1_NLR_CNL	Solanum_tuberosum_goniocalyxC098_NLR_00G002170.1_NLR_CNL	Solanum_tuberosum_phurejaC058_NLR_00G005730.1_NLR_CNL	Solanum_tuberosum_phurejaC115_NLR_00G004360.1_NLR_CNL	Solanum_tuberosum_phurejaC118_NLR_00G002170.1_NLR_CNL	Solanum_tuberosum_phurejaC190_NLR_00G008750.1_NLR_CNL	Solanum_tuberosum_phurejaC219_NLR_00G003260.1_NLR_CNL	Solanum_tuberosum_phurejaC426_NLR_00G001690.1_NLR_CNL	Solanum_tuberosum_phurejaE8669_NLR_00G006190.1_NLR_CNL	Solanum_tuberosum_stenotomumA626_NLR_00G005440.1_NLR_CNL	Solanum_tuberosum_stenotomumC001_NLR_00G005240.1_NLR_CNL	Solanum_tuberosum_stenotomumC005_NLR_00G006240.1_NLR_CNL	Solanum_tuberosum_stenotomumC056_NLR_00G009440.1_NLR_CNL	Solanum_tuberosum_stenotomumC093_NLR_00G007730.1_NLR_CNL	Solanum_tuberosum_stenotomumC151_NLR_00G005800.1_NLR_CNL	Solanum_vernei_NLR_00G007350.1_NLR_CNL	RPM1_sensor
Clade0000117	St_C361_C00T062618.1_NLR_RNL	St_C580_C00T048294.1_NLR_RNL	St_C408_C00T064694.1_NLR_RNL	St_C382_C00T043240.1_NLR_RNL	St_C656_C00T038329.1_NLR_RNL	St_C369_C00T047496.1_NLR_RNL,St_C369_C00T047496.2_NLR_RNL	St_C813_C00T050735.1_NLR_RNL,St_C813_C00T050735.2_NLR_RNL	Solanum_cajamarquenseC534_00G130730.1_NLR_RNL	St_PG5068_C04T003167.1_NLR_RNL	St_C399_C00T047440.1_NLR_RNL	Solanum_candolleanumC400_00G253540.1_NLR_RNL	St_C454_C00T057443.1_NLR_RNL	St_C574_C00T049644.1_NLR_RNL	Solanum_cardiophyllumC509_00G205890.1_NLR_RNL	St_C554_C00T048416.1_NLR_RNL	Solanum_chacoenseC555_00G085580.1_NLR_RNL	St_C522_C00T069115.1_NLR_RNL	St_C559_C00T036220.1_NLR_RNL	Solanum_commersoniiC672_00G029960.1_NLR_RNL	Solanum_dolichocremastrumC850_00G088010.1_NLR_RNL	Solanum_hintoniiC871_00G230920.1_NLR_RNL	St_C447_C00T055956.1_NLR_RNL	St_C373_C00T059020.1_NLR_RNL	St_C514_C00T021435.1_NLR_RNL	St_C390_C00T048718.1_NLR_RNL	St_C872_C00T040567.1_NLR_RNL	St_C533_C00T050142.1_NLR_RNL	St_C356_C00T055694.1_NLR_RNL	St_C450_C00T061960.1_NLR_RNL	St_C550_C00T069544.1_NLR_RNL	St_C337_C00T049617.1_NLR_RNL	Soltu.DM.04G034340.1_NLR_RNL	St_E454_C04T003221.1_NLR_RNL	St_RH_C04T003091.1_NLR_RNL	St_RH1015_C04T002991.1_NLR_RNL	St_C031_C00T085961.1_NLR_RNL	St_C174_C00T067406.1_NLR_RNL	St_C098_C00T047650.1_NLR_RNL	St_C058_C00T060086.1_NLR_RNL	St_C115_C00T058655.1_NLR_RNL	St_C118_C00T045875.1_NLR_RNL	St_C190_C00T061420.1_NLR_RNL	St_C219_C00T065774.1_NLR_RNL	St_C426_C00T033732.1_NLR_RNL	-	St_A157_C04T002825.1_NLR_RNL	St_C001_C00T066204.1_NLR_RNL	St_C005_C00T052001.1_NLR_RNL	St_C056_C00T055827.1_NLR_RNL	St_C093_C00T059200.1_NLR_RNL	St_C151_C04T002936.1_NLR_RNL	St_C552_C00T048680.1_NLR_RNL	ADR1_helper
Clade0000118	Solanum_andreanum_NLR_00G004010.1_NLR_TNL	Solanum_boliviense_NLR_00G002410.1_NLR_TNL	Solanum_brevicaule_NLR_00G010840.1_NLR_TNL	Solanum_buesii_NLR_00G008570.1_NLR_TNL	Solanum_bulbocastanum_NLR_00G004790.1_NLR_TNL	Solanum_burkartii_NLR_00G007040.1_NLR_TNL	Solanum_cajamarquense_NLR_00G002390.1_NLR_TNL	Solanum_cajamarquenseC534_NLR_00G002090.1_NLR_TNL	Solanum_candolleanum_NLR_00G000450.1_NLR_TNL	Solanum_candolleanumC399_NLR_00G008520.1_NLR_TNL	Solanum_candolleanumC400_NLR_00G000190.1_NLR_TNL	Solanum_candolleanumC454_NLR_00G006300.1_NLR_TNL	Solanum_candolleanumC574_NLR_00G005070.1_NLR_TNL	Solanum_cardiophyllumC509_NLR_00G001370.1_NLR_TNL	Solanum_chacoense_NLR_00G008320.1_NLR_TNL	Solanum_chacoenseC555_NLR_00G003840.1_NLR_TNL	Solanum_chomatophilum_NLR_00G000410.1_NLR_TNL,Solanum_chomatophilum_NLR_00G000460.1_NLR_TNL	Solanum_commersonii_NLR_00G004660.1_NLR_TNL	Solanum_commersoniiC672_NLR_00G001750.1_NLR_TNL	Solanum_dolichocremastrumC850_NLR_00G000860.1_NLR_TNL	Solanum_hintoniiC871_NLR_00G005660.1_NLR_TNL	Solanum_jamesii_NLR_00G000170.1_NLR_TN	Solanum_lignicaule_NLR_00G002240.1_NLR_TNL	Solanum_morelliforme_NLR_00G001830.1_NLR_TNL	Solanum_multiinterruptum_NLR_00G008200.1_NLR_TNL	Solanum_neorossii_NLR_00G001680.1_NLR_TNL	Solanum_paucissectum_NLR_00G008980.1_NLR_TNL	Solanum_pinnatisectum_NLR_00G000130.1_NLR_TNL	Solanum_piurae_NLR_00G001600.1_NLR_TNL	Solanum_sogarandinum_NLR_00G000150.1_NLR_TNL	Solanum_tuberosumC337_NLR_00G002650.1_NLR_TNL	Solanum_tuberosumDM_NLR_00G000440.1_NLR_TNL	Solanum_tuberosumE463_NLR_00G000430.1_NLR_TNL	Solanum_tuberosumRH_NLR_00G000500.1_NLR_TNL	Solanum_tuberosumRH1015_NLR_00G000430.1_NLR_TNL	Solanum_tuberosum_ajanhuri_NLR_00G003400.1_NLR_TNL	Solanum_tuberosum_goniocalyx_NLR_00G006950.1_NLR_TNL	Solanum_tuberosum_goniocalyxC098_NLR_00G002500.1_NLR_TNL	Solanum_tuberosum_phurejaC058_NLR_00G000430.1_NLR_TNL	Solanum_tuberosum_phurejaC115_NLR_00G001030.1_NLR_TNL	Solanum_tuberosum_phurejaC118_NLR_00G007950.1_NLR_TNL	Solanum_tuberosum_phurejaC190_NLR_00G008600.1_NLR_TNL	Solanum_tuberosum_phurejaC219_NLR_00G005960.1_NLR_TNL	Solanum_tuberosum_phurejaC426_NLR_00G000100.1_NLR_TNL	Solanum_tuberosum_phurejaE8669_NLR_00G000450.1_NLR_TNL	Solanum_tuberosum_stenotomumA626_NLR_00G000430.1_NLR_TNL	Solanum_tuberosum_stenotomumC001_NLR_00G003930.1_NLR_TNL	Solanum_tuberosum_stenotomumC005_NLR_00G003670.1_NLR_TNL	Solanum_tuberosum_stenotomumC056_NLR_00G000170.1_NLR_TNL	Solanum_tuberosum_stenotomumC093_NLR_00G003100.1_NLR_TNL	Solanum_tuberosum_stenotomumC151_NLR_00G000420.1_NLR_TNL	Solanum_vernei_NLR_00G010500.1_NLR_TNL	-
Clade0000119	Solanum_andreanum_NLR_00G008020.1_NLR_CNL	Solanum_boliviense_NLR_00G000070.1_NLR_CNL	Solanum_brevicaule_NLR_00G005020.1_NLR_CNL	Solanum_buesii_NLR_00G002670.1_NLR_CNL	Solanum_bulbocastanum_NLR_00G004560.1_NLR_CNL	Solanum_burkartii_NLR_00G002180.1_NLR_CNL	Solanum_cajamarquense_NLR_00G001260.1_NLR_CNL	Solanum_cajamarquenseC534_NLR_00G005820.1_NLR_CNL	Solanum_candolleanum_NLR_00G002740.1_NLR_CNL	Solanum_candolleanumC399_NLR_00G007600.1_NLR_CNL	Solanum_candolleanumC400_NLR_00G005250.1_NLR_CNL	Solanum_candolleanumC454_NLR_00G009610.1_NLR_CNL	Solanum_candolleanumC574_NLR_00G003060.1_NLR_CNL	Solanum_cardiophyllumC509_NLR_00G005950.1_NLR_CNL	Solanum_chacoense_NLR_00G009150.1_NLR_CNL	Solanum_chacoenseC555_NLR_00G011120.1_NLR_CNL	Solanum_chomatophilum_NLR_00G005060.1_NLR_CNL	Solanum_commersonii_NLR_00G001760.1_NLR_CNL	Solanum_commersoniiC672_NLR_00G004830.1_NLR_CNL	Solanum_dolichocremastrumC850_NLR_00G001040.1_NLR_CNL	Solanum_hintoniiC871_NLR_00G001480.1_NLR_CNL	Solanum_jamesii_NLR_00G002750.1_NLR_CNL	Solanum_lignicaule_NLR_00G007900.1_NLR_CNL	Solanum_morelliforme_NLR_00G002460.1_NLR_CNL	Solanum_multiinterruptum_NLR_00G002530.1_NLR_CNL	Solanum_neorossii_NLR_00G006520.1_NLR_CNL	Solanum_paucissectum_NLR_00G004870.1_NLR_CNL	Solanum_pinnatisectum_NLR_00G000470.1_NLR_CNL	Solanum_piurae_NLR_00G008880.1_NLR_CNL	Solanum_sogarandinum_NLR_00G003770.1_NLR_CNL	Solanum_tuberosumC337_NLR_00G008600.1_NLR_CNL	Solanum_tuberosumDM_NLR_00G002000.1_NLR_CNL	Solanum_tuberosumE463_NLR_00G002350.1_NLR_CNL	Solanum_tuberosumRH_NLR_00G002240.1_NLR_CNL	Solanum_tuberosumRH1015_NLR_00G002140.1_NLR_CNL	Solanum_tuberosum_ajanhuri_NLR_00G006820.1_NLR_CNL	Solanum_tuberosum_goniocalyx_NLR_00G004450.1_NLR_CNL	Solanum_tuberosum_goniocalyxC098_NLR_00G002870.1_NLR_CNL	Solanum_tuberosum_phurejaC058_NLR_00G007740.1_NLR_CNL	Solanum_tuberosum_phurejaC115_NLR_00G002320.1_NLR_CNL	Solanum_tuberosum_phurejaC118_NLR_00G001210.1_NLR_CNL	Solanum_tuberosum_phurejaC190_NLR_00G002530.1_NLR_CNL	Solanum_tuberosum_phurejaC219_NLR_00G009280.1_NLR_CNL	Solanum_tuberosum_phurejaC426_NLR_00G008370.1_NLR_CNL	Solanum_tuberosum_phurejaE8669_NLR_00G003180.1_NLR_CNL	Solanum_tuberosum_stenotomumA626_NLR_00G002440.1_NLR_CNL	Solanum_tuberosum_stenotomumC001_NLR_00G008330.1_NLR_CNL	Solanum_tuberosum_stenotomumC005_NLR_00G003440.1_NLR_CNL,Solanum_tuberosum_stenotomumC005_NLR_00G003510.1_NLR_CNL	Solanum_tuberosum_stenotomumC056_NLR_00G002040.1_NLR_CNL	Solanum_tuberosum_stenotomumC093_NLR_00G007630.1_NLR_CNL	Solanum_tuberosum_stenotomumC151_NLR_00G002720.1_NLR_CNL	Solanum_vernei_NLR_00G009930.1_NLR_CNL	-
Clade0000120	Solanum_andreanum_NLR_00G007590.1_NLR_NL	Solanum_boliviense_NLR_00G001670.1_NLR_NL	Solanum_brevicaule_NLR_00G005130.1_NLR_NL	-	Solanum_bulbocastanum_NLR_00G003710.1_NLR_NL	Solanum_burkartii_NLR_00G007110.1_NLR_NL	Solanum_cajamarquense_NLR_00G000020.1_NLR_NL	Solanum_cajamarquenseC534_NLR_00G005840.1_NLR_NL	Solanum_candolleanum_NLR_00G001730.1_NLR_NL	Solanum_candolleanumC399_NLR_00G009210.1_NLR_NL	Solanum_candolleanumC400_NLR_00G005830.1_NLR_NL	Solanum_candolleanumC454_NLR_00G002440.1_NLR_NL,Solanum_candolleanumC454_NLR_00G002450.1_NLR_NL	Solanum_candolleanumC574_NLR_00G004750.1_NLR_NL	Solanum_cardiophyllumC509_NLR_00G005070.1_NLR_NL	Solanum_chacoense_NLR_00G010650.1_NLR_NL	Solanum_chacoenseC555_NLR_00G009770.1_NLR_NL	Solanum_chomatophilum_NLR_00G003380.1_NLR_NL	Solanum_commersonii_NLR_00G000610.1_NLR_NL	Solanum_commersoniiC672_NLR_00G005780.1_NLR_NL	Solanum_dolichocremastrumC850_NLR_00G005610.1_NLR_NL	Solanum_hintoniiC871_NLR_00G000630.1_NLR_NL	Solanum_jamesii_NLR_00G003440.1_NLR_NL	Solanum_lignicaule_NLR_00G008870.1_NLR_NL	Solanum_morelliforme_NLR_00G001870.1_NLR_NL	Solanum_multiinterruptum_NLR_00G004440.1_NLR_NL	Solanum_neorossii_NLR_00G002390.1_NLR_NL	Solanum_paucissectum_NLR_00G003610.1_NLR_NL	Solanum_pinnatisectum_NLR_00G006040.1_NLR_NL	Solanum_piurae_NLR_00G007360.1_NLR_NL	Solanum_sogarandinum_NLR_00G007750.1_NLR_NL	Solanum_tuberosumC337_NLR_00G007120.1_NLR_NL,Solanum_tuberosumC337_NLR_00G007140.1_NLR_NL	Solanum_tuberosumDM_NLR_00G000890.1_NLR_NL	Solanum_tuberosumE463_NLR_00G000910.1_NLR_NL	Solanum_tuberosumRH_NLR_00G000920.1_NLR_NL	Solanum_tuberosumRH1015_NLR_00G000970.1_NLR_NL	Solanum_tuberosum_ajanhuri_NLR_00G009240.1_NLR_NL	Solanum_tuberosum_goniocalyx_NLR_00G010540.1_NLR_NL	Solanum_tuberosum_goniocalyxC098_NLR_00G004630.1_NLR_NL	Solanum_tuberosum_phurejaC058_NLR_00G008980.1_NLR_NL	Solanum_tuberosum_phurejaC115_NLR_00G000960.1_NLR_NL	Solanum_tuberosum_phurejaC118_NLR_00G009520.1_NLR_NL	Solanum_tuberosum_phurejaC190_NLR_00G001040.1_NLR_NL	Solanum_tuberosum_phurejaC219_NLR_00G007690.1_NLR_NL	Solanum_tuberosum_phurejaC426_NLR_00G009580.1_NLR_NL	Solanum_tuberosum_phurejaE8669_NLR_00G000950.1_NLR_NL	Solanum_tuberosum_stenotomumA626_NLR_00G000880.1_NLR_NL	Solanum_tuberosum_stenotomumC001_NLR_00G006440.1_NLR_NL	Solanum_tuberosum_stenotomumC005_NLR_00G001460.1_NLR_NL	Solanum_tuberosum_stenotomumC056_NLR_00G008280.1_NLR_NL	Solanum_tuberosum_stenotomumC093_NLR_00G005750.1_NLR_NL	Solanum_tuberosum_stenotomumC151_NLR_00G000960.1_NLR_NL	Solanum_vernei_NLR_00G006700.1_NLR_NL	-
Clade0000121	Solanum_andreanum_NLR_00G001640.1_NLR_TNL	Solanum_boliviense_NLR_00G004850.1_NLR_TNL	Solanum_brevicaule_NLR_00G007720.1_NLR_TNL	Solanum_buesii_NLR_00G007280.1_NLR_TNL	Solanum_bulbocastanum_NLR_00G006860.1_NLR_TNL	Solanum_burkartii_NLR_00G001950.1_NLR_TNL	Solanum_cajamarquense_NLR_00G004640.1_NLR_TNL	Solanum_cajamarquenseC534_NLR_00G007650.1_NLR_TNL	Solanum_candolleanum_NLR_00G008930.1_NLR_NL	Solanum_candolleanumC399_NLR_00G007670.1_NLR_NL	Solanum_candolleanumC400_NLR_00G002560.1_NLR_TNL	Solanum_candolleanumC454_NLR_00G003910.1_NLR_NL	Solanum_candolleanumC574_NLR_00G008080.1_NLR_TNL	Solanum_cardiophyllumC509_NLR_00G007980.1_NLR_NBS	Solanum_chacoense_NLR_00G008010.1_NLR_NL	Solanum_chacoenseC555_NLR_00G006700.1_NLR_NL	Solanum_chomatophilum_NLR_00G006260.1_NLR_TNL	Solanum_commersonii_NLR_00G006030.1_NLR_TNL	Solanum_commersoniiC672_NLR_00G006230.1_NLR_TNL	Solanum_dolichocremastrumC850_NLR_00G004900.1_NLR_NL	Solanum_hintoniiC871_NLR_00G001830.1_NLR_TNL	Solanum_jamesii_NLR_00G002250.1_NLR_TNL	Solanum_lignicaule_NLR_00G001010.1_NLR_TN,Solanum_lignicaule_NLR_00G001020.1_NLR_NL	Solanum_morelliforme_NLR_00G002590.1_NLR_TNL	Solanum_multiinterruptum_NLR_00G000500.1_NLR_TNL	Solanum_neorossii_NLR_00G003670.1_NLR_TNL	Solanum_paucissectum_NLR_00G007770.1_NLR_TNL	Solanum_pinnatisectum_NLR_00G005420.1_NLR_NL	Solanum_piurae_NLR_00G001050.1_NLR_TNL	Solanum_sogarandinum_NLR_00G000960.1_NLR_TN	Solanum_tuberosumC337_NLR_00G005140.1_NLR_TNL	Solanum_tuberosumDM_NLR_00G008230.1_NLR_NBS	Solanum_tuberosumE463_NLR_00G009500.1_NLR_TNL	Solanum_tuberosumRH_NLR_00G010580.1_NLR_NL	Solanum_tuberosumRH1015_NLR_00G009440.1_NLR_NL	Solanum_tuberosum_ajanhuri_NLR_00G008480.1_NLR_TNL	Solanum_tuberosum_goniocalyx_NLR_00G008460.1_NLR_NBS	Solanum_tuberosum_goniocalyxC098_NLR_00G000810.1_NLR_TNL	Solanum_tuberosum_phurejaC058_NLR_00G009520.1_NLR_TNL	Solanum_tuberosum_phurejaC115_NLR_00G002000.1_NLR_TNL	Solanum_tuberosum_phurejaC118_NLR_00G011130.1_NLR_TNL	Solanum_tuberosum_phurejaC190_NLR_00G003900.1_NLR_TNL	Solanum_tuberosum_phurejaC219_NLR_00G001130.1_NLR_TNL	Solanum_tuberosum_phurejaC426_NLR_00G006150.1_NLR_NL	Solanum_tuberosum_phurejaE8669_NLR_00G009580.1_NLR_TNL	Solanum_tuberosum_stenotomumA626_NLR_00G008690.1_NLR_TNL	Solanum_tuberosum_stenotomumC001_NLR_00G002300.1_NLR_TNL	Solanum_tuberosum_stenotomumC005_NLR_00G007650.1_NLR_TNL	Solanum_tuberosum_stenotomumC056_NLR_00G005200.1_NLR_TNL	Solanum_tuberosum_stenotomumC093_NLR_00G005140.1_NLR_TNL	Solanum_tuberosum_stenotomumC151_NLR_00G009110.1_NLR_TNL	Solanum_vernei_NLR_00G009680.1_NLR_TNL	-
Clade0000122	Solanum_andreanum_NLR_00G002690.1_NLR_CNL,Solanum_andreanum_NLR_00G002720.1_NLR_CNL	Solanum_boliviense_NLR_00G003450.1_NLR_CNL	Solanum_brevicaule_NLR_00G009330.1_NLR_CNL	Solanum_buesii_NLR_00G005140.1_NLR_CNL	Solanum_bulbocastanum_NLR_00G005610.1_NLR_CNL	Solanum_burkartii_NLR_00G006220.1_NLR_CNL	Solanum_cajamarquense_NLR_00G001960.1_NLR_CNL	Solanum_cajamarquenseC534_NLR_00G000660.1_NLR_CNL	Solanum_candolleanum_NLR_00G000770.1_NLR_CNL	Solanum_candolleanumC399_NLR_00G009010.1_NLR_CNL	Solanum_candolleanumC400_NLR_00G008320.1_NLR_CNL	Solanum_candolleanumC454_NLR_00G002650.1_NLR_CNL	Solanum_candolleanumC574_NLR_00G001680.1_NLR_CNL	Solanum_cardiophyllumC509_NLR_00G000130.1_NLR_CNL	Solanum_chacoense_NLR_00G000320.1_NLR_CNL	Solanum_chacoenseC555_NLR_00G004230.1_NLR_CNL	Solanum_chomatophilum_NLR_00G005280.1_NLR_CNL	Solanum_commersonii_NLR_00G004370.1_NLR_CNL	Solanum_commersoniiC672_NLR_00G006690.1_NLR_CNL	Solanum_dolichocremastrumC850_NLR_00G003320.1_NLR_CNL	Solanum_hintoniiC871_NLR_00G004270.1_NLR_CNL	Solanum_jamesii_NLR_00G004230.1_NLR_CNL	Solanum_lignicaule_NLR_00G002990.1_NLR_CNL	Solanum_morelliforme_NLR_00G000630.1_NLR_CNL	Solanum_multiinterruptum_NLR_00G004550.1_NLR_CNL	Solanum_neorossii_NLR_00G004120.1_NLR_CNL	Solanum_paucissectum_NLR_00G003460.1_NLR_CNL	Solanum_pinnatisectum_NLR_00G001710.1_NLR_CNL	Solanum_piurae_NLR_00G001750.1_NLR_CNL	Solanum_sogarandinum_NLR_00G001730.1_NLR_CNL	Solanum_tuberosumC337_NLR_00G003850.1_NLR_CNL	Solanum_tuberosumDM_NLR_00G000730.1_NLR_CNL	Solanum_tuberosumE463_NLR_00G000740.1_NLR_CNL	Solanum_tuberosumRH_NLR_00G000730.1_NLR_CNL	Solanum_tuberosumRH1015_NLR_00G000740.1_NLR_CNL	Solanum_tuberosum_ajanhuri_NLR_00G000080.1_NLR_CNL	Solanum_tuberosum_goniocalyx_NLR_00G002740.1_NLR_CNL	Solanum_tuberosum_goniocalyxC098_NLR_00G007990.1_NLR_CNL	Solanum_tuberosum_phurejaC058_NLR_00G005490.1_NLR_CNL	Solanum_tuberosum_phurejaC115_NLR_00G000570.1_NLR_CNL	Solanum_tuberosum_phurejaC118_NLR_00G006190.1_NLR_CNL	Solanum_tuberosum_phurejaC190_NLR_00G008380.1_NLR_CNL	Solanum_tuberosum_phurejaC219_NLR_00G002590.1_NLR_CNL	Solanum_tuberosum_phurejaC426_NLR_00G003800.1_NLR_CNL	Solanum_tuberosum_phurejaE8669_NLR_00G000740.1_NLR_CNL	Solanum_tuberosum_stenotomumA626_NLR_00G000700.1_NLR_CNL	Solanum_tuberosum_stenotomumC001_NLR_00G004090.1_NLR_CNL	Solanum_tuberosum_stenotomumC005_NLR_00G001300.1_NLR_CNL	Solanum_tuberosum_stenotomumC056_NLR_00G000350.1_NLR_CNL	Solanum_tuberosum_stenotomumC093_NLR_00G001290.1_NLR_CNL	Solanum_tuberosum_stenotomumC151_NLR_00G000750.1_NLR_CNL	Solanum_vernei_NLR_00G010070.1_NLR_CNL	-
Clade0000123	Solanum_andreanum_NLR_00G002620.1_NLR_CNL	Solanum_boliviense_NLR_00G003290.1_NLR_CNL	Solanum_brevicaule_NLR_00G011330.1_NLR_CNL	Solanum_buesii_NLR_00G005220.1_NLR_CNL	Solanum_bulbocastanum_NLR_00G005530.1_NLR_CNL	Solanum_burkartii_NLR_00G006140.1_NLR_CNL	Solanum_cajamarquense_NLR_00G001840.1_NLR_CNL	Solanum_cajamarquenseC534_NLR_00G008010.1_NLR_CNL	Solanum_candolleanum_NLR_00G000860.1_NLR_CNL	Solanum_candolleanumC399_NLR_00G008920.1_NLR_CNL	Solanum_candolleanumC400_NLR_00G001230.1_NLR_CNL	Solanum_candolleanumC454_NLR_00G002570.1_NLR_CNL	Solanum_candolleanumC574_NLR_00G001580.1_NLR_CNL	Solanum_cardiophyllumC509_NLR_00G000190.1_NLR_CNL	Solanum_chacoense_NLR_00G000540.1_NLR_NL	Solanum_chacoenseC555_NLR_00G004050.1_NLR_CNL	Solanum_chomatophilum_NLR_00G005200.1_NLR_CNL	Solanum_commersonii_NLR_00G004480.1_NLR_CNL	Solanum_commersoniiC672_NLR_00G006760.1_NLR_CNL	Solanum_dolichocremastrumC850_NLR_00G002970.1_NLR_CNL	Solanum_hintoniiC871_NLR_00G004390.1_NLR_CNL	Solanum_jamesii_NLR_00G004330.1_NLR_CNL	Solanum_lignicaule_NLR_00G006520.1_NLR_CNL	Solanum_morelliforme_NLR_00G000560.1_NLR_CNL	Solanum_multiinterruptum_NLR_00G004460.1_NLR_CNL	Solanum_neorossii_NLR_00G003970.1_NLR_CNL	Solanum_paucissectum_NLR_00G003590.1_NLR_CNL	Solanum_pinnatisectum_NLR_00G001640.1_NLR_CNL	Solanum_piurae_NLR_00G001840.1_NLR_CNL	Solanum_sogarandinum_NLR_00G001830.1_NLR_CNL	Solanum_tuberosumC337_NLR_00G003770.1_NLR_CNL	Solanum_tuberosumDM_NLR_00G000810.1_NLR_CNL	Solanum_tuberosumE463_NLR_00G000810.1_NLR_CNL	Solanum_tuberosumRH_NLR_00G000800.1_NLR_CNL	Solanum_tuberosumRH1015_NLR_00G000810.1_NLR_CNL	Solanum_tuberosum_ajanhuri_NLR_00G000030.1_NLR_CNL	Solanum_tuberosum_goniocalyx_NLR_00G002660.1_NLR_CNL	Solanum_tuberosum_goniocalyxC098_NLR_00G008060.1_NLR_CNL	Solanum_tuberosum_phurejaC058_NLR_00G005570.1_NLR_CNL	Solanum_tuberosum_phurejaC115_NLR_00G000010.1_NLR_CNL	Solanum_tuberosum_phurejaC118_NLR_00G006270.1_NLR_CNL	Solanum_tuberosum_phurejaC190_NLR_00G008460.1_NLR_CNL	Solanum_tuberosum_phurejaC219_NLR_00G002670.1_NLR_CNL	Solanum_tuberosum_phurejaC426_NLR_00G002450.1_NLR_CNL	Solanum_tuberosum_phurejaE8669_NLR_00G000830.1_NLR_CNL	Solanum_tuberosum_stenotomumA626_NLR_00G000780.1_NLR_CNL	Solanum_tuberosum_stenotomumC001_NLR_00G008780.1_NLR_CNL	Solanum_tuberosum_stenotomumC005_NLR_00G001390.1_NLR_CNL	Solanum_tuberosum_stenotomumC056_NLR_00G000300.1_NLR_CNL	Solanum_tuberosum_stenotomumC093_NLR_00G001210.1_NLR_CNL	Solanum_tuberosum_stenotomumC151_NLR_00G000830.1_NLR_CNL	Solanum_vernei_NLR_00G010230.1_NLR_CNL	ZAR1_Arabidopsis_singleton
Clade0000125	Solanum_andreanum_NLR_00G003980.1_NLR_NL	Solanum_boliviense_NLR_00G002520.1_NLR_TNL	Solanum_brevicaule_NLR_00G010570.1_NLR_TNL	Solanum_buesii_NLR_00G008480.1_NLR_TNL	Solanum_bulbocastanum_NLR_00G004660.1_NLR_TNL	Solanum_burkartii_NLR_00G001200.1_NLR_TNL	Solanum_cajamarquense_NLR_00G002520.1_NLR_TNL	Solanum_cajamarquenseC534_NLR_00G002170.1_NLR_TNL	Solanum_candolleanum_NLR_00G000520.1_NLR_NL	Solanum_candolleanumC399_NLR_00G008600.1_NLR_TNL	Solanum_candolleanumC400_NLR_00G000120.1_NLR_TNL	Solanum_candolleanumC454_NLR_00G006440.1_NLR_TN	Solanum_candolleanumC574_NLR_00G004990.1_NLR_TNL	Solanum_cardiophyllumC509_NLR_00G001280.1_NLR_TNL	Solanum_chacoense_NLR_00G008420.1_NLR_TNL	Solanum_chacoenseC555_NLR_00G003910.1_NLR_TNL,Solanum_chacoenseC555_NLR_00G003930.1_NLR_TNL	Solanum_chomatophilum_NLR_00G000290.1_NLR_TNL	Solanum_commersonii_NLR_00G004550.1_NLR_TNL	Solanum_commersoniiC672_NLR_00G001800.1_NLR_TNL	Solanum_dolichocremastrumC850_NLR_00G000710.1_NLR_TNL	Solanum_hintoniiC871_NLR_00G005560.1_NLR_TNL	Solanum_jamesii_NLR_00G000070.1_NLR_TNL	Solanum_lignicaule_NLR_00G002360.1_NLR_NL	-	Solanum_multiinterruptum_NLR_00G008310.1_NLR_TNL	Solanum_neorossii_NLR_00G001810.1_NLR_TNL	Solanum_paucissectum_NLR_00G008860.1_NLR_TNL	Solanum_pinnatisectum_NLR_00G000040.1_NLR_TNL	Solanum_piurae_NLR_00G001510.1_NLR_TNL	Solanum_sogarandinum_NLR_00G000040.1_NLR_TNL	Solanum_tuberosumC337_NLR_00G002500.1_NLR_TNL	Solanum_tuberosumDM_NLR_00G000560.1_NLR_TNL	Solanum_tuberosumE463_NLR_00G000520.1_NLR_TNL	Solanum_tuberosumRH_NLR_00G000570.1_NLR_TNL	Solanum_tuberosumRH1015_NLR_00G000510.1_NLR_TNL	Solanum_tuberosum_ajanhuri_NLR_00G003500.1_NLR_TNL	Solanum_tuberosum_goniocalyx_NLR_00G007030.1_NLR_NL	Solanum_tuberosum_goniocalyxC098_NLR_00G002660.1_NLR_TNL	Solanum_tuberosum_phurejaC058_NLR_00G000220.1_NLR_TNL	Solanum_tuberosum_phurejaC115_NLR_00G001120.1_NLR_NL	Solanum_tuberosum_phurejaC118_NLR_00G008040.1_NLR_NL	Solanum_tuberosum_phurejaC190_NLR_00G008690.1_NLR_TNL	Solanum_tuberosum_phurejaC219_NLR_00G005890.1_NLR_TNL	Solanum_tuberosum_phurejaC426_NLR_00G000020.1_NLR_NL	Solanum_tuberosum_phurejaE8669_NLR_00G000520.1_NLR_TNL	Solanum_tuberosum_stenotomumA626_NLR_00G000520.1_NLR_NL	Solanum_tuberosum_stenotomumC001_NLR_00G004010.1_NLR_TNL	Solanum_tuberosum_stenotomumC005_NLR_00G003740.1_NLR_NL	Solanum_tuberosum_stenotomumC056_NLR_00G000020.1_NLR_TNL	Solanum_tuberosum_stenotomumC093_NLR_00G002950.1_NLR_TNL	Solanum_tuberosum_stenotomumC151_NLR_00G000580.1_NLR_TNL	Solanum_vernei_NLR_00G010300.1_NLR_TNL	-
Clade0000126	Solanum_andreanum_NLR_00G003960.1_NLR_CNL	Solanum_boliviense_NLR_00G008930.1_NLR_CNL	Solanum_brevicaule_NLR_00G009160.1_NLR_CNL	Solanum_buesii_NLR_00G008450.1_NLR_CNL	Solanum_bulbocastanum_NLR_00G004620.1_NLR_CNL	Solanum_burkartii_NLR_00G001160.1_NLR_CNL	Solanum_cajamarquense_NLR_00G002540.1_NLR_CNL	Solanum_cajamarquenseC534_NLR_00G002200.1_NLR_CNL	Solanum_candolleanum_NLR_00G000530.1_NLR_CNL	Solanum_candolleanumC399_NLR_00G008630.1_NLR_CNL	Solanum_candolleanumC400_NLR_00G000110.1_NLR_CNL	Solanum_candolleanumC454_NLR_00G006450.1_NLR_CNL	Solanum_candolleanumC574_NLR_00G004970.1_NLR_CNL	Solanum_cardiophyllumC509_NLR_00G001260.1_NLR_CNL	Solanum_chacoense_NLR_00G008460.1_NLR_CNL	Solanum_chacoenseC555_NLR_00G003970.1_NLR_CNL	Solanum_chomatophilum_NLR_00G000260.1_NLR_CNL	Solanum_commersonii_NLR_00G004510.1_NLR_CNL	Solanum_commersoniiC672_NLR_00G001810.1_NLR_CNL	Solanum_dolichocremastrumC850_NLR_00G000750.1_NLR_CNL	Solanum_hintoniiC871_NLR_00G005550.1_NLR_CNL	Solanum_jamesii_NLR_00G000010.1_NLR_CNL	Solanum_lignicaule_NLR_00G002370.1_NLR_CNL	Solanum_morelliforme_NLR_00G001740.1_NLR_NBS	Solanum_multiinterruptum_NLR_00G008340.1_NLR_CNL	Solanum_neorossii_NLR_00G001850.1_NLR_CNL	Solanum_paucissectum_NLR_00G008850.1_NLR_CNL	Solanum_pinnatisectum_NLR_00G000010.1_NLR_CNL	Solanum_piurae_NLR_00G001480.1_NLR_CNL	Solanum_sogarandinum_NLR_00G000010.1_NLR_CNL	Solanum_tuberosumC337_NLR_00G002460.1_NLR_CNL	Solanum_tuberosumDM_NLR_00G000570.1_NLR_CNL	Solanum_tuberosumE463_NLR_00G000560.1_NLR_NL	Solanum_tuberosumRH_NLR_00G000580.1_NLR_CNL	Solanum_tuberosumRH1015_NLR_00G000540.1_NLR_CNL	Solanum_tuberosum_ajanhuri_NLR_00G003530.1_NLR_CNL	Solanum_tuberosum_goniocalyx_NLR_00G007040.1_NLR_CNL	Solanum_tuberosum_goniocalyxC098_NLR_00G002670.1_NLR_NL	Solanum_tuberosum_phurejaC058_NLR_00G000210.1_NLR_CNL	Solanum_tuberosum_phurejaC115_NLR_00G001130.1_NLR_CNL	Solanum_tuberosum_phurejaC118_NLR_00G008070.1_NLR_CNL	Solanum_tuberosum_phurejaC190_NLR_00G008700.1_NLR_CNL	Solanum_tuberosum_phurejaC219_NLR_00G005880.1_NLR_CNL	Solanum_tuberosum_phurejaC426_NLR_00G000010.1_NLR_CNL	Solanum_tuberosum_phurejaE8669_NLR_00G000560.1_NLR_NL	Solanum_tuberosum_stenotomumA626_NLR_00G000530.1_NLR_NL	Solanum_tuberosum_stenotomumC001_NLR_00G004020.1_NLR_NL	Solanum_tuberosum_stenotomumC005_NLR_00G003750.1_NLR_NL	Solanum_tuberosum_stenotomumC056_NLR_00G000010.1_NLR_CNL	Solanum_tuberosum_stenotomumC093_NLR_00G002910.1_NLR_CNL	Solanum_tuberosum_stenotomumC151_NLR_00G000590.1_NLR_CNL	Solanum_vernei_NLR_00G010260.1_NLR_CNL	-
Clade0000127	Solanum_andreanum_NLR_00G004030.1_NLR_TNL	Solanum_boliviense_NLR_00G002390.1_NLR_TNL	Solanum_brevicaule_NLR_00G010860.1_NLR_TNL	Solanum_buesii_NLR_00G008600.1_NLR_TN	Solanum_bulbocastanum_NLR_00G004810.1_NLR_TNL	Solanum_burkartii_NLR_00G007020.1_NLR_TNL	Solanum_cajamarquense_NLR_00G002370.1_NLR_TNL	Solanum_cajamarquenseC534_NLR_00G002070.1_NLR_TNL	Solanum_candolleanum_NLR_00G000420.1_NLR_TNL	Solanum_candolleanumC399_NLR_00G008480.1_NLR_TNL	Solanum_candolleanumC400_NLR_00G000210.1_NLR_TNL	Solanum_candolleanumC454_NLR_00G006280.1_NLR_TNL	Solanum_candolleanumC574_NLR_00G005090.1_NLR_TNL	Solanum_cardiophyllumC509_NLR_00G001390.1_NLR_TNL	Solanum_chacoense_NLR_00G008300.1_NLR_TNL	Solanum_chacoenseC555_NLR_00G003820.1_NLR_TNL	Solanum_chomatophilum_NLR_00G000480.1_NLR_TNL	Solanum_commersonii_NLR_00G004680.1_NLR_TNL	Solanum_commersoniiC672_NLR_00G001730.1_NLR_TNL	Solanum_dolichocremastrumC850_NLR_00G000880.1_NLR_TNL	Solanum_hintoniiC871_NLR_00G005680.1_NLR_TNL	Solanum_jamesii_NLR_00G000190.1_NLR_TNL	Solanum_lignicaule_NLR_00G002210.1_NLR_TN	Solanum_morelliforme_NLR_00G001850.1_NLR_TNL	Solanum_multiinterruptum_NLR_00G008180.1_NLR_TNL	Solanum_neorossii_NLR_00G001660.1_NLR_TNL	Solanum_paucissectum_NLR_00G009000.1_NLR_TNL	Solanum_pinnatisectum_NLR_00G000150.1_NLR_TNL	Solanum_piurae_NLR_00G001620.1_NLR_TNL	Solanum_sogarandinum_NLR_00G000180.1_NLR_TNL	Solanum_tuberosumC337_NLR_00G002670.1_NLR_TNL	Solanum_tuberosumDM_NLR_00G000420.1_NLR_TNL	Solanum_tuberosumE463_NLR_00G000400.1_NLR_TNL	Solanum_tuberosumRH_NLR_00G000480.1_NLR_TNL	Solanum_tuberosumRH1015_NLR_00G000410.1_NLR_TNL	Solanum_tuberosum_ajanhuri_NLR_00G003370.1_NLR_TNL	Solanum_tuberosum_goniocalyx_NLR_00G006930.1_NLR_TNL	Solanum_tuberosum_goniocalyxC098_NLR_00G002480.1_NLR_TNL	Solanum_tuberosum_phurejaC058_NLR_00G000450.1_NLR_TNL	Solanum_tuberosum_phurejaC115_NLR_00G001000.1_NLR_TNL	Solanum_tuberosum_phurejaC118_NLR_00G007920.1_NLR_TNL	Solanum_tuberosum_phurejaC190_NLR_00G008570.1_NLR_TNL	Solanum_tuberosum_phurejaC219_NLR_00G005980.1_NLR_TNL	Solanum_tuberosum_phurejaC426_NLR_00G000120.1_NLR_TNL	Solanum_tuberosum_phurejaE8669_NLR_00G000430.1_NLR_TNL	Solanum_tuberosum_stenotomumA626_NLR_00G000410.1_NLR_TNL	Solanum_tuberosum_stenotomumC001_NLR_00G003910.1_NLR_TNL	Solanum_tuberosum_stenotomumC005_NLR_00G003640.1_NLR_TNL	Solanum_tuberosum_stenotomumC056_NLR_00G000190.1_NLR_TNL	Solanum_tuberosum_stenotomumC093_NLR_00G003120.1_NLR_TNL	Solanum_tuberosum_stenotomumC151_NLR_00G000400.1_NLR_TNL	Solanum_vernei_NLR_00G010530.1_NLR_TNL	-
Clade0000128	Solanum_andreanum_NLR_00G004100.1_NLR_CNL	Solanum_boliviense_NLR_00G009220.1_NLR_NL	Solanum_brevicaule_NLR_00G008200.1_NLR_CNL	Solanum_buesii_NLR_00G008640.1_NLR_CNL	Solanum_bulbocastanum_NLR_00G004850.1_NLR_CNL	Solanum_burkartii_NLR_00G007970.1_NLR_NL	Solanum_cajamarquense_NLR_00G002320.1_NLR_NL	Solanum_cajamarquenseC534_NLR_00G002010.1_NLR_CNL	Solanum_candolleanum_NLR_00G000380.1_NLR_NL	Solanum_candolleanumC399_NLR_00G008420.1_NLR_CNL	Solanum_candolleanumC400_NLR_00G006840.1_NLR_CNL	Solanum_candolleanumC454_NLR_00G000550.1_NLR_CNL	Solanum_candolleanumC574_NLR_00G005130.1_NLR_CNL	Solanum_cardiophyllumC509_NLR_00G001430.1_NLR_NL	Solanum_chacoense_NLR_00G008180.1_NLR_CNL	Solanum_chacoenseC555_NLR_00G003780.1_NLR_CNL	Solanum_chomatophilum_NLR_00G000530.1_NLR_CNL	Solanum_commersonii_NLR_00G004730.1_NLR_NL	Solanum_commersoniiC672_NLR_00G001690.1_NLR_CNL	Solanum_dolichocremastrumC850_NLR_00G004940.1_NLR_CNL	Solanum_hintoniiC871_NLR_00G005720.1_NLR_CNL	Solanum_jamesii_NLR_00G000230.1_NLR_NL	Solanum_lignicaule_NLR_00G002160.1_NLR_CNL	Solanum_morelliforme_NLR_00G001310.1_NLR_CNL	Solanum_multiinterruptum_NLR_00G008140.1_NLR_NL	Solanum_neorossii_NLR_00G001600.1_NLR_CNL	Solanum_paucissectum_NLR_00G009060.1_NLR_CNL	Solanum_pinnatisectum_NLR_00G000190.1_NLR_NL	Solanum_piurae_NLR_00G001670.1_NLR_NL	Solanum_sogarandinum_NLR_00G000220.1_NLR_CNL	Solanum_tuberosumC337_NLR_00G002720.1_NLR_CNL	Solanum_tuberosumDM_NLR_00G000370.1_NLR_CNL	Solanum_tuberosumE463_NLR_00G000350.1_NLR_CNL	Solanum_tuberosumRH_NLR_00G000440.1_NLR_CNL	Solanum_tuberosumRH1015_NLR_00G000370.1_NLR_CNL	Solanum_tuberosum_ajanhuri_NLR_00G003320.1_NLR_CNL	Solanum_tuberosum_goniocalyx_NLR_00G006890.1_NLR_CNL	Solanum_tuberosum_goniocalyxC098_NLR_00G002440.1_NLR_CNL	Solanum_tuberosum_phurejaC058_NLR_00G000490.1_NLR_CNL	Solanum_tuberosum_phurejaC115_NLR_00G001490.1_NLR_CNL	Solanum_tuberosum_phurejaC118_NLR_00G007880.1_NLR_CNL	Solanum_tuberosum_phurejaC190_NLR_00G008530.1_NLR_CNL	Solanum_tuberosum_phurejaC219_NLR_00G006020.1_NLR_CNL	Solanum_tuberosum_phurejaC426_NLR_00G000160.1_NLR_CNL	Solanum_tuberosum_phurejaE8669_NLR_00G000380.1_NLR_CNL	Solanum_tuberosum_stenotomumA626_NLR_00G000370.1_NLR_CNL	Solanum_tuberosum_stenotomumC001_NLR_00G003860.1_NLR_CNL	Solanum_tuberosum_stenotomumC005_NLR_00G003590.1_NLR_CNL	Solanum_tuberosum_stenotomumC056_NLR_00G000230.1_NLR_NL	Solanum_tuberosum_stenotomumC093_NLR_00G003160.1_NLR_NL	Solanum_tuberosum_stenotomumC151_NLR_00G000360.1_NLR_CNL	Solanum_vernei_NLR_00G010600.1_NLR_NL	-
Clade0000129	Solanum_andreanum_NLR_00G007260.1_NLR_TNL	Solanum_boliviense_NLR_00G001340.1_NLR_TN	Solanum_brevicaule_NLR_00G005380.1_NLR_TNL	Solanum_buesii_NLR_00G004600.1_NLR_TNL	Solanum_bulbocastanum_NLR_00G003840.1_NLR_TNL	Solanum_burkartii_NLR_00G007200.1_NLR_TNL	Solanum_cajamarquense_NLR_00G000150.1_NLR_TNL	Solanum_cajamarquenseC534_NLR_00G006000.1_NLR_TNL	Solanum_candolleanum_NLR_00G001380.1_NLR_TNL	Solanum_candolleanumC399_NLR_00G009290.1_NLR_TNL	Solanum_candolleanumC400_NLR_00G006140.1_NLR_TNL	Solanum_candolleanumC454_NLR_00G002270.1_NLR_TNL	Solanum_candolleanumC574_NLR_00G004330.1_NLR_TNL	Solanum_cardiophyllumC509_NLR_00G005210.1_NLR_TNL	Solanum_chacoense_NLR_00G010160.1_NLR_TNL	Solanum_chacoenseC555_NLR_00G010050.1_NLR_TNL	Solanum_chomatophilum_NLR_00G003580.1_NLR_NL	Solanum_commersonii_NLR_00G000760.1_NLR_TNL	Solanum_commersoniiC672_NLR_00G005660.1_NLR_TNL	Solanum_dolichocremastrumC850_NLR_00G001530.1_NLR_TNL	Solanum_hintoniiC871_NLR_00G000710.1_NLR_TNL	Solanum_jamesii_NLR_00G003200.1_NLR_TNL	Solanum_lignicaule_NLR_00G008750.1_NLR_TNL	Solanum_morelliforme_NLR_00G001980.1_NLR_TNL	Solanum_multiinterruptum_NLR_00G003850.1_NLR_TNL	Solanum_neorossii_NLR_00G002060.1_NLR_TNL	Solanum_paucissectum_NLR_00G003820.1_NLR_TNL	Solanum_pinnatisectum_NLR_00G005900.1_NLR_TNL	Solanum_piurae_NLR_00G007620.1_NLR_TNL	Solanum_sogarandinum_NLR_00G002850.1_NLR_TNL	Solanum_tuberosumC337_NLR_00G007810.1_NLR_TNL	Solanum_tuberosumDM_NLR_00G001160.1_NLR_TNL	Solanum_tuberosumE463_NLR_00G001270.1_NLR_TNL	Solanum_tuberosumRH_NLR_00G001180.1_NLR_TNL	Solanum_tuberosumRH1015_NLR_00G001230.1_NLR_TNL	Solanum_tuberosum_ajanhuri_NLR_00G005640.1_NLR_TNL	Solanum_tuberosum_goniocalyx_NLR_00G010190.1_NLR_TNL	Solanum_tuberosum_goniocalyxC098_NLR_00G004380.1_NLR_TNL	Solanum_tuberosum_phurejaC058_NLR_00G008800.1_NLR_TNL	Solanum_tuberosum_phurejaC115_NLR_00G009780.1_NLR_TNL	Solanum_tuberosum_phurejaC118_NLR_00G009370.1_NLR_TNL	Solanum_tuberosum_phurejaC190_NLR_00G001310.1_NLR_TNL	Solanum_tuberosum_phurejaC219_NLR_00G007990.1_NLR_TNL	Solanum_tuberosum_phurejaC426_NLR_00G009430.1_NLR_TNL	Solanum_tuberosum_phurejaE8669_NLR_00G001090.1_NLR_TNL	Solanum_tuberosum_stenotomumA626_NLR_00G001230.1_NLR_TNL	Solanum_tuberosum_stenotomumC001_NLR_00G006830.1_NLR_TNL	Solanum_tuberosum_stenotomumC005_NLR_00G001850.1_NLR_TNL	Solanum_tuberosum_stenotomumC056_NLR_00G008560.1_NLR_TNL	Solanum_tuberosum_stenotomumC093_NLR_00G006030.1_NLR_TNL	Solanum_tuberosum_stenotomumC151_NLR_00G001550.1_NLR_TNL	Solanum_vernei_NLR_00G006330.1_NLR_TNL	-
Clade0000130	Solanum_andreanum_NLR_00G006280.1_NLR_CNL	Solanum_boliviense_NLR_00G007710.1_NLR_CNL	Solanum_brevicaule_NLR_00G010970.1_NLR_CNL	Solanum_buesii_NLR_00G008830.1_NLR_CN	Solanum_bulbocastanum_NLR_00G002160.1_NLR_CNL	Solanum_burkartii_NLR_00G003730.1_NLR_CN,Solanum_burkartii_NLR_00G003740.1_NLR_NL	Solanum_cajamarquense_NLR_00G006720.1_NLR_CNL	Solanum_cajamarquenseC534_NLR_00G008230.1_NLR_CNL	Solanum_candolleanum_NLR_00G000880.1_NLR_CNL	-	Solanum_candolleanumC400_NLR_00G000230.1_NLR_NL	Solanum_candolleanumC454_NLR_00G002480.1_NLR_CNL	Solanum_candolleanumC574_NLR_00G009270.1_NLR_CNL	Solanum_cardiophyllumC509_NLR_00G006940.1_NLR_CNL	Solanum_chacoense_NLR_00G005020.1_NLR_CNL	Solanum_chacoenseC555_NLR_00G004030.1_NLR_CNL	Solanum_chomatophilum_NLR_00G010730.1_NLR_CNL	Solanum_commersonii_NLR_00G007810.1_NLR_CNL	Solanum_commersoniiC672_NLR_00G001400.1_NLR_CNL	Solanum_dolichocremastrumC850_NLR_00G004340.1_NLR_CNL	Solanum_hintoniiC871_NLR_00G007070.1_NLR_CNL	Solanum_jamesii_NLR_00G004810.1_NLR_CNL	Solanum_lignicaule_NLR_00G005070.1_NLR_CN	Solanum_morelliforme_NLR_00G001010.1_NLR_CNL	Solanum_multiinterruptum_NLR_00G007890.1_NLR_CNL	Solanum_neorossii_NLR_00G004390.1_NLR_CNL	Solanum_paucissectum_NLR_00G001700.1_NLR_CNL	Solanum_pinnatisectum_NLR_00G004650.1_NLR_CNL	Solanum_piurae_NLR_00G005970.1_NLR_CNL	Solanum_sogarandinum_NLR_00G001880.1_NLR_CNL	Solanum_tuberosumC337_NLR_00G007050.1_NLR_CNL	Solanum_tuberosumDM_NLR_00G000840.1_NLR_CNL	Solanum_tuberosumE463_NLR_00G000860.1_NLR_CNL	Solanum_tuberosumRH_NLR_00G000820.1_NLR_CNL	Solanum_tuberosumRH1015_NLR_00G000860.1_NLR_CNL	Solanum_tuberosum_ajanhuri_NLR_00G003080.1_NLR_CNL	Solanum_tuberosum_goniocalyx_NLR_00G009040.1_NLR_CNL	Solanum_tuberosum_goniocalyxC098_NLR_00G011130.1_NLR_CNL	Solanum_tuberosum_phurejaC058_NLR_00G004600.1_NLR_CNL	Solanum_tuberosum_phurejaC115_NLR_00G000110.1_NLR_CNL	Solanum_tuberosum_phurejaC118_NLR_00G008140.1_NLR_CNL	Solanum_tuberosum_phurejaC190_NLR_00G010950.1_NLR_CNL	Solanum_tuberosum_phurejaC219_NLR_00G007630.1_NLR_CNL	Solanum_tuberosum_phurejaC426_NLR_00G003970.1_NLR_CNL	Solanum_tuberosum_phurejaE8669_NLR_00G000880.1_NLR_CNL	Solanum_tuberosum_stenotomumA626_NLR_00G000800.1_NLR_CNL	Solanum_tuberosum_stenotomumC001_NLR_00G002330.1_NLR_CNL	Solanum_tuberosum_stenotomumC005_NLR_00G006430.1_NLR_CNL	Solanum_tuberosum_stenotomumC056_NLR_00G006840.1_NLR_CNL	Solanum_tuberosum_stenotomumC093_NLR_00G004610.1_NLR_CNL	Solanum_tuberosum_stenotomumC151_NLR_00G000860.1_NLR_CNL	Solanum_vernei_NLR_00G012840.1_NLR_CNL	-
Clade0000131	Solanum_andreanum_NLR_00G001850.1_NLR_NL	Solanum_boliviense_NLR_00G005250.1_NLR_NBS	Solanum_brevicaule_NLR_00G011610.1_NLR_NL	Solanum_buesii_NLR_00G010490.1_NLR_NL	Solanum_bulbocastanum_NLR_00G007190.1_NLR_NL	Solanum_burkartii_NLR_00G004970.1_NLR_NL	Solanum_cajamarquense_NLR_00G004350.1_NLR_NL	Solanum_cajamarquenseC534_NLR_00G007500.1_NLR_NL	Solanum_candolleanum_NLR_00G008580.1_NLR_NL	Solanum_candolleanumC399_NLR_00G008090.1_NLR_NL	Solanum_candolleanumC400_NLR_00G007430.1_NLR_NL	Solanum_candolleanumC454_NLR_00G003300.1_NLR_NL	Solanum_candolleanumC574_NLR_00G007780.1_NLR_NL	Solanum_cardiophyllumC509_NLR_00G007700.1_NLR_NL	Solanum_chacoense_NLR_00G007680.1_NLR_NL	Solanum_chacoenseC555_NLR_00G006910.1_NLR_NL	Solanum_chomatophilum_NLR_00G006910.1_NLR_NL	Solanum_commersonii_NLR_00G006380.1_NLR_NL	Solanum_commersoniiC672_NLR_00G006060.1_NLR_NL	Solanum_dolichocremastrumC850_NLR_00G003830.1_NLR_NL	Solanum_hintoniiC871_NLR_00G001940.1_NLR_NL	Solanum_jamesii_NLR_00G002050.1_NLR_NL	Solanum_lignicaule_NLR_00G001420.1_NLR_NL	Solanum_morelliforme_NLR_00G002720.1_NLR_NL	Solanum_multiinterruptum_NLR_00G000240.1_NLR_NL	Solanum_neorossii_NLR_00G003230.1_NLR_NL	Solanum_paucissectum_NLR_00G007410.1_NLR_NL	Solanum_pinnatisectum_NLR_00G005540.1_NLR_NL	Solanum_piurae_NLR_00G000870.1_NLR_NL	Solanum_sogarandinum_NLR_00G000710.1_NLR_NL	Solanum_tuberosumC337_NLR_00G005580.1_NLR_NL	Solanum_tuberosumDM_NLR_00G008000.1_NLR_NL	Solanum_tuberosumE463_NLR_00G009150.1_NLR_NL	Solanum_tuberosumRH_NLR_00G010030.1_NLR_NL	Solanum_tuberosumRH1015_NLR_00G009000.1_NLR_NL	Solanum_tuberosum_ajanhuri_NLR_00G002620.1_NLR_NL	Solanum_tuberosum_goniocalyx_NLR_00G008200.1_NLR_NL	Solanum_tuberosum_goniocalyxC098_NLR_00G009610.1_NLR_NL	Solanum_tuberosum_phurejaC058_NLR_00G002900.1_NLR_NL	Solanum_tuberosum_phurejaC115_NLR_00G007880.1_NLR_NL	Solanum_tuberosum_phurejaC118_NLR_00G010640.1_NLR_NL	Solanum_tuberosum_phurejaC190_NLR_00G004160.1_NLR_NL	Solanum_tuberosum_phurejaC219_NLR_00G001490.1_NLR_NL	Solanum_tuberosum_phurejaC426_NLR_00G005900.1_NLR_NL	Solanum_tuberosum_phurejaE8669_NLR_00G009230.1_NLR_NL	Solanum_tuberosum_stenotomumA626_NLR_00G008280.1_NLR_NL	Solanum_tuberosum_stenotomumC001_NLR_00G002120.1_NLR_NL	Solanum_tuberosum_stenotomumC005_NLR_00G008050.1_NLR_NL	Solanum_tuberosum_stenotomumC056_NLR_00G005360.1_NLR_NL	Solanum_tuberosum_stenotomumC093_NLR_00G005530.1_NLR_NL	Solanum_tuberosum_stenotomumC151_NLR_00G008710.1_NLR_NL	Solanum_vernei_NLR_00G009240.1_NLR_NL	-
Clade0000132	Solanum_andreanum_NLR_00G003410.1_NLR_TNL	Solanum_boliviense_NLR_00G001910.1_NLR_TNL	Solanum_brevicaule_NLR_00G008420.1_NLR_TNL	Solanum_buesii_NLR_00G006840.1_NLR_TNL	Solanum_bulbocastanum_NLR_00G005270.1_NLR_TNL	Solanum_burkartii_NLR_00G000430.1_NLR_TNL	Solanum_cajamarquense_NLR_00G005740.1_NLR_TN	Solanum_cajamarquenseC534_NLR_00G004400.1_NLR_TNL	Solanum_candolleanum_NLR_00G003500.1_NLR_TNL	Solanum_candolleanumC399_NLR_00G004620.1_NLR_TNL	Solanum_candolleanumC400_NLR_00G007510.1_NLR_TNL	Solanum_candolleanumC454_NLR_00G002890.1_NLR_TNL	Solanum_candolleanumC574_NLR_00G008880.1_NLR_TNL	Solanum_cardiophyllumC509_NLR_00G003660.1_NLR_TNL	Solanum_chacoense_NLR_00G007200.1_NLR_NL	Solanum_chacoenseC555_NLR_00G011600.1_NLR_NL	Solanum_chomatophilum_NLR_00G009570.1_NLR_NL	Solanum_commersonii_NLR_00G005300.1_NLR_TNL	Solanum_commersoniiC672_NLR_00G000440.1_NLR_TNL	Solanum_dolichocremastrumC850_NLR_00G002920.1_NLR_TNL	Solanum_hintoniiC871_NLR_00G006830.1_NLR_TNL	Solanum_jamesii_NLR_00G001080.1_NLR_TNL	Solanum_lignicaule_NLR_00G006150.1_NLR_TNL	Solanum_morelliforme_NLR_00G003140.1_NLR_TNL	Solanum_multiinterruptum_NLR_00G001390.1_NLR_TNL	Solanum_neorossii_NLR_00G011700.1_NLR_TNL	Solanum_paucissectum_NLR_00G009270.1_NLR_TNL	Solanum_pinnatisectum_NLR_00G004210.1_NLR_TNL	Solanum_piurae_NLR_00G006690.1_NLR_NBS	Solanum_sogarandinum_NLR_00G004290.1_NLR_TNL	Solanum_tuberosumC337_NLR_00G009880.1_NLR_TNL	Solanum_tuberosumDM_NLR_00G002730.1_NLR_TNL	Solanum_tuberosumE463_NLR_00G003720.1_NLR_TNL	Solanum_tuberosumRH_NLR_00G003290.1_NLR_TNL	Solanum_tuberosumRH1015_NLR_00G003030.1_NLR_TNL	Solanum_tuberosum_ajanhuri_NLR_00G008330.1_NLR_TN	Solanum_tuberosum_goniocalyx_NLR_00G003840.1_NLR_TNL	Solanum_tuberosum_goniocalyxC098_NLR_00G001710.1_NLR_TNL	Solanum_tuberosum_phurejaC058_NLR_00G010550.1_NLR_NL	Solanum_tuberosum_phurejaC115_NLR_00G001350.1_NLR_NL	Solanum_tuberosum_phurejaC118_NLR_00G007300.1_NLR_NL	Solanum_tuberosum_phurejaC190_NLR_00G005140.1_NLR_NL	Solanum_tuberosum_phurejaC219_NLR_00G010910.1_NLR_NL	Solanum_tuberosum_phurejaC426_NLR_00G008290.1_NLR_NL	Solanum_tuberosum_phurejaE8669_NLR_00G003800.1_NLR_NL	Solanum_tuberosum_stenotomumA626_NLR_00G003100.1_NLR_TNL	Solanum_tuberosum_stenotomumC001_NLR_00G003100.1_NLR_NL	Solanum_tuberosum_stenotomumC005_NLR_00G000540.1_NLR_TNL	Solanum_tuberosum_stenotomumC056_NLR_00G003870.1_NLR_TNL	Solanum_tuberosum_stenotomumC093_NLR_00G003530.1_NLR_TNL	Solanum_tuberosum_stenotomumC151_NLR_00G003410.1_NLR_TNL	Solanum_vernei_NLR_00G002030.1_NLR_TNL	-
Clade0000133	Solanum_andreanum_NLR_00G003440.1_NLR_CNL	Solanum_boliviense_NLR_00G001950.1_NLR_CNL	Solanum_brevicaule_NLR_00G008450.1_NLR_CNL	Solanum_buesii_NLR_00G006810.1_NLR_CNL	Solanum_bulbocastanum_NLR_00G005300.1_NLR_CNL	Solanum_burkartii_NLR_00G000460.1_NLR_CNL	Solanum_cajamarquense_NLR_00G005690.1_NLR_CNL	Solanum_cajamarquenseC534_NLR_00G004430.1_NLR_CNL	Solanum_candolleanum_NLR_00G003460.1_NLR_CNL	Solanum_candolleanumC399_NLR_00G004660.1_NLR_CNL	Solanum_candolleanumC400_NLR_00G007480.1_NLR_CNL	Solanum_candolleanumC454_NLR_00G002920.1_NLR_CNL	Solanum_candolleanumC574_NLR_00G008930.1_NLR_CNL	Solanum_cardiophyllumC509_NLR_00G003700.1_NLR_CNL	Solanum_chacoense_NLR_00G007220.1_NLR_CNL	Solanum_chacoenseC555_NLR_00G011560.1_NLR_CNL	Solanum_chomatophilum_NLR_00G009540.1_NLR_CNL	Solanum_commersonii_NLR_00G005320.1_NLR_CNL	Solanum_commersoniiC672_NLR_00G000470.1_NLR_CNL	Solanum_dolichocremastrumC850_NLR_00G002890.1_NLR_CNL	Solanum_hintoniiC871_NLR_00G006860.1_NLR_CNL	Solanum_jamesii_NLR_00G001060.1_NLR_CNL	Solanum_lignicaule_NLR_00G006170.1_NLR_CNL	Solanum_morelliforme_NLR_00G003150.1_NLR_CNL	Solanum_multiinterruptum_NLR_00G001420.1_NLR_CNL	Solanum_neorossii_NLR_00G011730.1_NLR_CNL	Solanum_paucissectum_NLR_00G009280.1_NLR_CNL	Solanum_pinnatisectum_NLR_00G004250.1_NLR_CNL	Solanum_piurae_NLR_00G006730.1_NLR_CNL	Solanum_sogarandinum_NLR_00G004250.1_NLR_CNL	Solanum_tuberosumC337_NLR_00G009920.1_NLR_CNL	Solanum_tuberosumDM_NLR_00G002690.1_NLR_CNL	Solanum_tuberosumE463_NLR_00G003690.1_NLR_CNL	Solanum_tuberosumRH_NLR_00G003260.1_NLR_CNL	Solanum_tuberosumRH1015_NLR_00G002990.1_NLR_CNL	Solanum_tuberosum_ajanhuri_NLR_00G008300.1_NLR_CNL	Solanum_tuberosum_goniocalyx_NLR_00G003880.1_NLR_CNL	Solanum_tuberosum_goniocalyxC098_NLR_00G001740.1_NLR_CNL	Solanum_tuberosum_phurejaC058_NLR_00G010520.1_NLR_CNL	Solanum_tuberosum_phurejaC115_NLR_00G006990.1_NLR_CNL	Solanum_tuberosum_phurejaC118_NLR_00G007330.1_NLR_CNL	Solanum_tuberosum_phurejaC190_NLR_00G005170.1_NLR_CNL	Solanum_tuberosum_phurejaC219_NLR_00G010870.1_NLR_CNL	Solanum_tuberosum_phurejaC426_NLR_00G008270.1_NLR_CNL	Solanum_tuberosum_phurejaE8669_NLR_00G003760.1_NLR_CNL	Solanum_tuberosum_stenotomumA626_NLR_00G003060.1_NLR_CNL	Solanum_tuberosum_stenotomumC001_NLR_00G003130.1_NLR_CNL	Solanum_tuberosum_stenotomumC005_NLR_00G000510.1_NLR_CNL	Solanum_tuberosum_stenotomumC056_NLR_00G008230.1_NLR_CNL	Solanum_tuberosum_stenotomumC093_NLR_00G003480.1_NLR_CNL	Solanum_tuberosum_stenotomumC151_NLR_00G003370.1_NLR_CNL	Solanum_vernei_NLR_00G002020.1_NLR_CNL	-
Clade0000136	Solanum_andreanum_NLR_00G002670.1_NLR_NL	Solanum_boliviense_NLR_00G003420.1_NLR_NL	Solanum_brevicaule_NLR_00G009350.1_NLR_NL	Solanum_buesii_NLR_00G005160.1_NLR_NL	Solanum_bulbocastanum_NLR_00G005580.1_NLR_NL	Solanum_burkartii_NLR_00G006190.1_NLR_NL	Solanum_cajamarquense_NLR_00G001940.1_NLR_NL	Solanum_cajamarquenseC534_NLR_00G000680.1_NLR_NL	Solanum_candolleanum_NLR_00G000790.1_NLR_NL	Solanum_candolleanumC399_NLR_00G008980.1_NLR_NL	Solanum_candolleanumC400_NLR_00G008290.1_NLR_NL	Solanum_candolleanumC454_NLR_00G002640.1_NLR_NL	Solanum_candolleanumC574_NLR_00G001650.1_NLR_NL	Solanum_cardiophyllumC509_NLR_00G000150.1_NLR_NL	Solanum_chacoense_NLR_00G000350.1_NLR_NL	Solanum_chacoenseC555_NLR_00G004200.1_NLR_NL	Solanum_chomatophilum_NLR_00G005260.1_NLR_NL	Solanum_commersonii_NLR_00G004400.1_NLR_NL,Solanum_commersonii_NLR_00G004410.1_NLR_NL	Solanum_commersoniiC672_NLR_00G006710.1_NLR_NL	Solanum_dolichocremastrumC850_NLR_00G003300.1_NLR_NL	Solanum_hintoniiC871_NLR_00G004290.1_NLR_NL	Solanum_jamesii_NLR_00G004260.1_NLR_NL	Solanum_lignicaule_NLR_00G002980.1_NLR_NBS	-	Solanum_multiinterruptum_NLR_00G004520.1_NLR_NL	Solanum_neorossii_NLR_00G004100.1_NLR_NBS	Solanum_paucissectum_NLR_00G003470.1_NLR_NL	Solanum_pinnatisectum_NLR_00G001680.1_NLR_NL	Solanum_piurae_NLR_00G001770.1_NLR_NL	Solanum_sogarandinum_NLR_00G001760.1_NLR_NL	Solanum_tuberosumC337_NLR_00G003830.1_NLR_NL	Solanum_tuberosumDM_NLR_00G000750.1_NLR_NL	Solanum_tuberosumE463_NLR_00G000750.1_NLR_NL	Solanum_tuberosumRH_NLR_00G000740.1_NLR_NL	Solanum_tuberosumRH1015_NLR_00G000750.1_NLR_NL	Solanum_tuberosum_ajanhuri_NLR_00G000070.1_NLR_NL	Solanum_tuberosum_goniocalyx_NLR_00G002720.1_NLR_NL	Solanum_tuberosum_goniocalyxC098_NLR_00G008000.1_NLR_NL	Solanum_tuberosum_phurejaC058_NLR_00G005510.1_NLR_NL	Solanum_tuberosum_phurejaC115_NLR_00G000590.1_NLR_NL	Solanum_tuberosum_phurejaC118_NLR_00G006210.1_NLR_NL	Solanum_tuberosum_phurejaC190_NLR_00G008390.1_NLR_NL	Solanum_tuberosum_phurejaC219_NLR_00G002610.1_NLR_NL	Solanum_tuberosum_phurejaC426_NLR_00G003790.1_NLR_NL	Solanum_tuberosum_phurejaE8669_NLR_00G000750.1_NLR_NL	Solanum_tuberosum_stenotomumA626_NLR_00G000710.1_NLR_NL	Solanum_tuberosum_stenotomumC001_NLR_00G004080.1_NLR_NL	Solanum_tuberosum_stenotomumC005_NLR_00G001320.1_NLR_NL	Solanum_tuberosum_stenotomumC056_NLR_00G000340.1_NLR_NL	Solanum_tuberosum_stenotomumC093_NLR_00G001280.1_NLR_NL	Solanum_tuberosum_stenotomumC151_NLR_00G000760.1_NLR_NL	Solanum_vernei_NLR_00G010080.1_NLR_NL	-
Clade0000137	Solanum_andreanum_NLR_00G005090.1_NLR_CNL	Solanum_boliviense_NLR_00G006590.1_NLR_CNL	Solanum_brevicaule_NLR_00G001620.1_NLR_NL	Solanum_buesii_NLR_00G011380.1_NLR_CNL	Solanum_bulbocastanum_NLR_00G001200.1_NLR_CNL	Solanum_burkartii_NLR_00G003340.1_NLR_NL	Solanum_cajamarquense_NLR_00G003050.1_NLR_CNL	Solanum_cajamarquenseC534_NLR_00G004500.1_NLR_CNL	Solanum_candolleanum_NLR_00G005240.1_NLR_CNL	Solanum_candolleanumC399_NLR_00G002290.1_NLR_CNL	Solanum_candolleanumC400_NLR_00G008660.1_NLR_CNL	Solanum_candolleanumC454_NLR_00G000010.1_NLR_CNL	Solanum_candolleanumC574_NLR_00G005610.1_NLR_CNL	Solanum_cardiophyllumC509_NLR_00G006930.1_NLR_CNL	Solanum_chacoense_NLR_00G000250.1_NLR_CNL	Solanum_chacoenseC555_NLR_00G007630.1_NLR_CNL	Solanum_chomatophilum_NLR_00G003280.1_NLR_CNL	Solanum_commersonii_NLR_00G003610.1_NLR_CN	Solanum_commersoniiC672_NLR_00G006410.1_NLR_CN	Solanum_dolichocremastrumC850_NLR_00G003040.1_NLR_CNL	Solanum_hintoniiC871_NLR_00G005950.1_NLR_CNL	Solanum_jamesii_NLR_00G005600.1_NLR_CNL	Solanum_lignicaule_NLR_00G000100.1_NLR_NBS	Solanum_morelliforme_NLR_00G000520.1_NLR_CNL	Solanum_multiinterruptum_NLR_00G005170.1_NLR_CNL	Solanum_neorossii_NLR_00G000050.1_NLR_CNL	Solanum_paucissectum_NLR_00G001750.1_NLR_CNL	Solanum_pinnatisectum_NLR_00G002030.1_NLR_CNL	Solanum_piurae_NLR_00G009030.1_NLR_CNL	Solanum_sogarandinum_NLR_00G000390.1_NLR_CNL	Solanum_tuberosumC337_NLR_00G010460.1_NLR_CNL	Solanum_tuberosumDM_NLR_00G004590.1_NLR_CNL	Solanum_tuberosumE463_NLR_00G005840.1_NLR_CNL	Solanum_tuberosumRH_NLR_00G005680.1_NLR_CNL	Solanum_tuberosumRH1015_NLR_00G004880.1_NLR_CNL	Solanum_tuberosum_ajanhuri_NLR_00G002160.1_NLR_CNL	Solanum_tuberosum_goniocalyx_NLR_00G004150.1_NLR_CNL	Solanum_tuberosum_goniocalyxC098_NLR_00G001260.1_NLR_CNL	Solanum_tuberosum_phurejaC058_NLR_00G005840.1_NLR_CNL	Solanum_tuberosum_phurejaC115_NLR_00G009760.1_NLR_CNL	Solanum_tuberosum_phurejaC118_NLR_00G006880.1_NLR_CNL	Solanum_tuberosum_phurejaC190_NLR_00G000950.1_NLR_CNL	Solanum_tuberosum_phurejaC219_NLR_00G007580.1_NLR_CNL	Solanum_tuberosum_phurejaC426_NLR_00G005190.1_NLR_CNL	Solanum_tuberosum_phurejaE8669_NLR_00G005770.1_NLR_CNL	Solanum_tuberosum_stenotomumA626_NLR_00G005140.1_NLR_CNL	Solanum_tuberosum_stenotomumC001_NLR_00G001240.1_NLR_CNL	Solanum_tuberosum_stenotomumC005_NLR_00G004850.1_NLR_CNL	Solanum_tuberosum_stenotomumC056_NLR_00G004140.1_NLR_CNL	Solanum_tuberosum_stenotomumC093_NLR_00G002340.1_NLR_CNL	Solanum_tuberosum_stenotomumC151_NLR_00G005540.1_NLR_CNL	Solanum_vernei_NLR_00G013490.1_NLR_CN	-
Clade0000138	Solanum_andreanum_NLR_00G005780.1_NLR_TNL	Solanum_boliviense_NLR_00G011260.1_NLR_TNL	Solanum_brevicaule_NLR_00G007090.1_NLR_TNL	Solanum_buesii_NLR_00G007450.1_NLR_TN	Solanum_bulbocastanum_NLR_00G002990.1_NLR_TN,Solanum_bulbocastanum_NLR_00G003000.1_NLR_NL	Solanum_burkartii_NLR_00G000880.1_NLR_TN	Solanum_cajamarquense_NLR_00G007450.1_NLR_TNL	Solanum_cajamarquenseC534_NLR_00G004550.1_NLR_TNL	Solanum_candolleanum_NLR_00G002910.1_NLR_TNL	Solanum_candolleanumC399_NLR_00G008790.1_NLR_TNL	Solanum_candolleanumC400_NLR_00G001980.1_NLR_TNL	Solanum_candolleanumC454_NLR_00G000670.1_NLR_TNL	Solanum_candolleanumC574_NLR_00G004890.1_NLR_TNL	Solanum_cardiophyllumC509_NLR_00G004970.1_NLR_TNL	Solanum_chacoense_NLR_00G009010.1_NLR_TNL	Solanum_chacoenseC555_NLR_00G002250.1_NLR_TNL	Solanum_chomatophilum_NLR_00G000650.1_NLR_TNL	Solanum_commersonii_NLR_00G002000.1_NLR_TNL	Solanum_commersoniiC672_NLR_00G002400.1_NLR_TNL	Solanum_dolichocremastrumC850_NLR_00G001990.1_NLR_TNL	Solanum_hintoniiC871_NLR_00G000400.1_NLR_TNL	Solanum_jamesii_NLR_00G004430.1_NLR_TN	Solanum_lignicaule_NLR_00G004480.1_NLR_TNL	-	Solanum_multiinterruptum_NLR_00G002380.1_NLR_TNL	Solanum_neorossii_NLR_00G004520.1_NLR_TNL	Solanum_paucissectum_NLR_00G003150.1_NLR_TNL	Solanum_pinnatisectum_NLR_00G004580.1_NLR_TN	Solanum_piurae_NLR_00G003400.1_NLR_TN	Solanum_sogarandinum_NLR_00G007390.1_NLR_TNL	Solanum_tuberosumC337_NLR_00G001220.1_NLR_TNL	Solanum_tuberosumDM_NLR_00G002290.1_NLR_TNL	Solanum_tuberosumE463_NLR_00G002570.1_NLR_TNL	Solanum_tuberosumRH_NLR_00G002410.1_NLR_TNL	Solanum_tuberosumRH1015_NLR_00G002290.1_NLR_TNL	Solanum_tuberosum_ajanhuri_NLR_00G003060.1_NLR_TNL	Solanum_tuberosum_goniocalyx_NLR_00G003050.1_NLR_TNL	Solanum_tuberosum_goniocalyxC098_NLR_00G002800.1_NLR_TNL	Solanum_tuberosum_phurejaC058_NLR_00G000590.1_NLR_TNL	Solanum_tuberosum_phurejaC115_NLR_00G002020.1_NLR_TNL	Solanum_tuberosum_phurejaC118_NLR_00G001580.1_NLR_TNL	Solanum_tuberosum_phurejaC190_NLR_00G006310.1_NLR_TNL	Solanum_tuberosum_phurejaC219_NLR_00G007460.1_NLR_TNL	Solanum_tuberosum_phurejaC426_NLR_00G000370.1_NLR_TNL	Solanum_tuberosum_phurejaE8669_NLR_00G003380.1_NLR_TNL	Solanum_tuberosum_stenotomumA626_NLR_00G002730.1_NLR_TNL	Solanum_tuberosum_stenotomumC001_NLR_00G001320.1_NLR_TNL	Solanum_tuberosum_stenotomumC005_NLR_00G000040.1_NLR_TNL	Solanum_tuberosum_stenotomumC056_NLR_00G003760.1_NLR_TNL	Solanum_tuberosum_stenotomumC093_NLR_00G002810.1_NLR_TNL	Solanum_tuberosum_stenotomumC151_NLR_00G003030.1_NLR_TNL	Solanum_vernei_NLR_00G004870.1_NLR_TNL	-
Clade0000140	Solanum_andreanum_NLR_00G005400.1_NLR_CNL	Solanum_boliviense_NLR_00G006850.1_NLR_CNL	Solanum_brevicaule_NLR_00G006280.1_NLR_CNL	Solanum_buesii_NLR_00G010970.1_NLR_CNL	Solanum_bulbocastanum_NLR_00G002630.1_NLR_CNL	Solanum_burkartii_NLR_00G001780.1_NLR_CNL	Solanum_cajamarquense_NLR_00G002140.1_NLR_CNL	Solanum_cajamarquenseC534_NLR_00G004040.1_NLR_CNL	Solanum_candolleanum_NLR_00G010340.1_NLR_CNL	Solanum_candolleanumC399_NLR_00G007160.1_NLR_CNL	Solanum_candolleanumC400_NLR_00G008080.1_NLR_CNL	Solanum_candolleanumC454_NLR_00G001070.1_NLR_CNL	Solanum_candolleanumC574_NLR_00G007050.1_NLR_CNL	Solanum_cardiophyllumC509_NLR_00G006360.1_NLR_CNL	Solanum_chacoense_NLR_00G005160.1_NLR_CNL	Solanum_chacoenseC555_NLR_00G000920.1_NLR_CNL	Solanum_chomatophilum_NLR_00G009760.1_NLR_CNL	Solanum_commersonii_NLR_00G003990.1_NLR_CNL	Solanum_commersoniiC672_NLR_00G004540.1_NLR_CNL	Solanum_dolichocremastrumC850_NLR_00G003280.1_NLR_CNL	Solanum_hintoniiC871_NLR_00G000540.1_NLR_CNL	Solanum_jamesii_NLR_00G004580.1_NLR_CNL	Solanum_lignicaule_NLR_00G002000.1_NLR_CNL	Solanum_morelliforme_NLR_00G004320.1_NLR_CNL	Solanum_multiinterruptum_NLR_00G004940.1_NLR_CNL	Solanum_neorossii_NLR_00G000940.1_NLR_CNL	Solanum_paucissectum_NLR_00G001470.1_NLR_CNL	Solanum_pinnatisectum_NLR_00G004970.1_NLR_CNL	Solanum_piurae_NLR_00G001370.1_NLR_CNL	Solanum_sogarandinum_NLR_00G001440.1_NLR_CNL	Solanum_tuberosumC337_NLR_00G000360.1_NLR_CNL	Solanum_tuberosumDM_NLR_00G009180.1_NLR_CNL	Solanum_tuberosumE463_NLR_00G010460.1_NLR_CNL	Solanum_tuberosumRH_NLR_00G011970.1_NLR_CNL	Solanum_tuberosumRH1015_NLR_00G010930.1_NLR_CNL	Solanum_tuberosum_ajanhuri_NLR_00G010580.1_NLR_CNL	Solanum_tuberosum_goniocalyx_NLR_00G007810.1_NLR_CNL	Solanum_tuberosum_goniocalyxC098_NLR_00G008310.1_NLR_CNL	Solanum_tuberosum_phurejaC058_NLR_00G002330.1_NLR_CNL	Solanum_tuberosum_phurejaC115_NLR_00G000490.1_NLR_CNL	Solanum_tuberosum_phurejaC118_NLR_00G005580.1_NLR_CNL	Solanum_tuberosum_phurejaC190_NLR_00G007510.1_NLR_CNL	Solanum_tuberosum_phurejaC219_NLR_00G005220.1_NLR_CNL	Solanum_tuberosum_phurejaC426_NLR_00G007760.1_NLR_CNL	Solanum_tuberosum_phurejaE8669_NLR_00G010600.1_NLR_CNL	Solanum_tuberosum_stenotomumA626_NLR_00G009740.1_NLR_CNL	Solanum_tuberosum_stenotomumC001_NLR_00G000630.1_NLR_CNL	Solanum_tuberosum_stenotomumC005_NLR_00G004710.1_NLR_CNL	Solanum_tuberosum_stenotomumC056_NLR_00G007600.1_NLR_CNL	Solanum_tuberosum_stenotomumC093_NLR_00G009200.1_NLR_CNL	Solanum_tuberosum_stenotomumC151_NLR_00G010180.1_NLR_CNL	Solanum_vernei_NLR_00G010800.1_NLR_CNL	-
Clade0000142	Solanum_andreanum_NLR_00G004120.1_NLR_CNL	Solanum_boliviense_NLR_00G009240.1_NLR_CNL	Solanum_brevicaule_NLR_00G008180.1_NLR_CNL	Solanum_buesii_NLR_00G008680.1_NLR_CNL	Solanum_bulbocastanum_NLR_00G004860.1_NLR_CNL	Solanum_burkartii_NLR_00G007930.1_NLR_CNL	Solanum_cajamarquense_NLR_00G002300.1_NLR_CNL	Solanum_cajamarquenseC534_NLR_00G001990.1_NLR_CNL	Solanum_candolleanum_NLR_00G000360.1_NLR_CNL	Solanum_candolleanumC399_NLR_00G008390.1_NLR_CNL	Solanum_candolleanumC400_NLR_00G006820.1_NLR_CNL	Solanum_candolleanumC454_NLR_00G004090.1_NLR_CNL	Solanum_candolleanumC574_NLR_00G005150.1_NLR_CNL	Solanum_cardiophyllumC509_NLR_00G001450.1_NLR_CNL	Solanum_chacoense_NLR_00G008160.1_NLR_CNL	Solanum_chacoenseC555_NLR_00G003750.1_NLR_CNL	-	Solanum_commersonii_NLR_00G004750.1_NLR_CNL	Solanum_commersoniiC672_NLR_00G001680.1_NLR_CNL	Solanum_dolichocremastrumC850_NLR_00G005570.1_NLR_CNL	Solanum_hintoniiC871_NLR_00G005740.1_NLR_CNL	Solanum_jamesii_NLR_00G000240.1_NLR_CNL	Solanum_lignicaule_NLR_00G002140.1_NLR_CNL	Solanum_morelliforme_NLR_00G001320.1_NLR_CNL	Solanum_multiinterruptum_NLR_00G008120.1_NLR_CNL	Solanum_neorossii_NLR_00G001580.1_NLR_CNL	Solanum_paucissectum_NLR_00G009080.1_NLR_CNL	Solanum_pinnatisectum_NLR_00G000200.1_NLR_CNL	Solanum_piurae_NLR_00G001690.1_NLR_CNL	Solanum_sogarandinum_NLR_00G000250.1_NLR_CNL	Solanum_tuberosumC337_NLR_00G002740.1_NLR_CNL	Solanum_tuberosumDM_NLR_00G000350.1_NLR_CNL	Solanum_tuberosumE463_NLR_00G000330.1_NLR_CNL	Solanum_tuberosumRH_NLR_00G000420.1_NLR_CNL	Solanum_tuberosumRH1015_NLR_00G000350.1_NLR_CNL	Solanum_tuberosum_ajanhuri_NLR_00G003300.1_NLR_CNL	Solanum_tuberosum_goniocalyx_NLR_00G006870.1_NLR_CNL	Solanum_tuberosum_goniocalyxC098_NLR_00G002420.1_NLR_CNL	Solanum_tuberosum_phurejaC058_NLR_00G000510.1_NLR_CNL	Solanum_tuberosum_phurejaC115_NLR_00G001510.1_NLR_CNL	Solanum_tuberosum_phurejaC118_NLR_00G007860.1_NLR_CNL	Solanum_tuberosum_phurejaC190_NLR_00G008510.1_NLR_CNL	Solanum_tuberosum_phurejaC219_NLR_00G006040.1_NLR_CNL	Solanum_tuberosum_phurejaC426_NLR_00G000180.1_NLR_CNL	Solanum_tuberosum_phurejaE8669_NLR_00G000360.1_NLR_CNL	Solanum_tuberosum_stenotomumA626_NLR_00G000350.1_NLR_CNL	Solanum_tuberosum_stenotomumC001_NLR_00G003840.1_NLR_CNL	Solanum_tuberosum_stenotomumC005_NLR_00G003570.1_NLR_CNL	Solanum_tuberosum_stenotomumC056_NLR_00G000250.1_NLR_CNL	Solanum_tuberosum_stenotomumC093_NLR_00G003180.1_NLR_CNL	Solanum_tuberosum_stenotomumC151_NLR_00G000340.1_NLR_CNL	Solanum_vernei_NLR_00G010620.1_NLR_CNL	-
Clade0000143	Solanum_andreanum_NLR_00G003400.1_NLR_NL	Solanum_boliviense_NLR_00G001900.1_NLR_NL	Solanum_brevicaule_NLR_00G008410.1_NLR_NL	Solanum_buesii_NLR_00G006850.1_NLR_NL	Solanum_bulbocastanum_NLR_00G005260.1_NLR_TNL	Solanum_burkartii_NLR_00G000420.1_NLR_NL	Solanum_cajamarquense_NLR_00G005750.1_NLR_NL	Solanum_cajamarquenseC534_NLR_00G004390.1_NLR_NL	Solanum_candolleanum_NLR_00G003510.1_NLR_NL	Solanum_candolleanumC399_NLR_00G004610.1_NLR_NL	Solanum_candolleanumC400_NLR_00G007520.1_NLR_NL	Solanum_candolleanumC454_NLR_00G002880.1_NLR_NL	Solanum_candolleanumC574_NLR_00G008870.1_NLR_NL	Solanum_cardiophyllumC509_NLR_00G003650.1_NLR_NL	Solanum_chacoense_NLR_00G007190.1_NLR_NL	Solanum_chacoenseC555_NLR_00G011610.1_NLR_NL	-	Solanum_commersonii_NLR_00G005290.1_NLR_NL	Solanum_commersoniiC672_NLR_00G000430.1_NLR_NL	Solanum_dolichocremastrumC850_NLR_00G002930.1_NLR_NL	Solanum_hintoniiC871_NLR_00G006820.1_NLR_NL	Solanum_jamesii_NLR_00G001090.1_NLR_NL	Solanum_lignicaule_NLR_00G006140.1_NLR_NL	Solanum_morelliforme_NLR_00G003130.1_NLR_NL	Solanum_multiinterruptum_NLR_00G001380.1_NLR_NL	Solanum_neorossii_NLR_00G011690.1_NLR_NL	Solanum_paucissectum_NLR_00G009240.1_NLR_NL	Solanum_pinnatisectum_NLR_00G004200.1_NLR_NL	Solanum_piurae_NLR_00G006680.1_NLR_NL	Solanum_sogarandinum_NLR_00G004300.1_NLR_NL	Solanum_tuberosumC337_NLR_00G009870.1_NLR_NL	Solanum_tuberosumDM_NLR_00G002740.1_NLR_NL	Solanum_tuberosumE463_NLR_00G003730.1_NLR_NL	Solanum_tuberosumRH_NLR_00G003300.1_NLR_NL	Solanum_tuberosumRH1015_NLR_00G003040.1_NLR_NL	Solanum_tuberosum_ajanhuri_NLR_00G008340.1_NLR_NL	Solanum_tuberosum_goniocalyx_NLR_00G003830.1_NLR_NL	Solanum_tuberosum_goniocalyxC098_NLR_00G001700.1_NLR_NL	Solanum_tuberosum_phurejaC058_NLR_00G010560.1_NLR_NL	Solanum_tuberosum_phurejaC115_NLR_00G001340.1_NLR_NL	Solanum_tuberosum_phurejaC118_NLR_00G007290.1_NLR_NL	Solanum_tuberosum_phurejaC190_NLR_00G005130.1_NLR_NL	Solanum_tuberosum_phurejaC219_NLR_00G010920.1_NLR_NL	Solanum_tuberosum_phurejaC426_NLR_00G008300.1_NLR_NL	Solanum_tuberosum_phurejaE8669_NLR_00G003810.1_NLR_NL	Solanum_tuberosum_stenotomumA626_NLR_00G003110.1_NLR_NL	Solanum_tuberosum_stenotomumC001_NLR_00G003090.1_NLR_NL	Solanum_tuberosum_stenotomumC005_NLR_00G000550.1_NLR_NL	Solanum_tuberosum_stenotomumC056_NLR_00G003880.1_NLR_NL	Solanum_tuberosum_stenotomumC093_NLR_00G003540.1_NLR_NL	Solanum_tuberosum_stenotomumC151_NLR_00G003420.1_NLR_NL	Solanum_vernei_NLR_00G002040.1_NLR_NL	-
Clade0000144	Solanum_andreanum_NLR_00G002850.1_NLR_CNL	Solanum_boliviense_NLR_00G003540.1_NLR_CNL	Solanum_brevicaule_NLR_00G006690.1_NLR_CNL	Solanum_buesii_NLR_00G008210.1_NLR_CNL	Solanum_bulbocastanum_NLR_00G002110.1_NLR_CNL	Solanum_burkartii_NLR_00G000160.1_NLR_CNL	-	Solanum_cajamarquenseC534_NLR_00G003460.1_NLR_CNL	Solanum_candolleanum_NLR_00G000590.1_NLR_CNL	Solanum_candolleanumC399_NLR_00G004330.1_NLR_CNL	Solanum_candolleanumC400_NLR_00G008620.1_NLR_CNL	Solanum_candolleanumC454_NLR_00G000820.1_NLR_CNL	Solanum_candolleanumC574_NLR_00G001810.1_NLR_CNL	Solanum_cardiophyllumC509_NLR_00G000020.1_NLR_CNL	Solanum_chacoense_NLR_00G000590.1_NLR_CNL	Solanum_chacoenseC555_NLR_00G004320.1_NLR_CNL	Solanum_chomatophilum_NLR_00G006810.1_NLR_CNL	Solanum_commersonii_NLR_00G004230.1_NLR_CNL	Solanum_commersoniiC672_NLR_00G006570.1_NLR_CNL	Solanum_dolichocremastrumC850_NLR_00G003030.1_NLR_CNL,Solanum_dolichocremastrumC850_NLR_00G005110.1_NLR_CN	Solanum_hintoniiC871_NLR_00G004180.1_NLR_CN	Solanum_jamesii_NLR_00G005460.1_NLR_CNL	Solanum_lignicaule_NLR_00G003090.1_NLR_CNL	Solanum_morelliforme_NLR_00G000770.1_NLR_CNL	Solanum_multiinterruptum_NLR_00G004650.1_NLR_CNL	Solanum_neorossii_NLR_00G004230.1_NLR_CNL	Solanum_paucissectum_NLR_00G010020.1_NLR_CNL	Solanum_pinnatisectum_NLR_00G001820.1_NLR_CNL	Solanum_piurae_NLR_00G001170.1_NLR_CNL	Solanum_sogarandinum_NLR_00G001590.1_NLR_CNL	Solanum_tuberosumC337_NLR_00G003970.1_NLR_CNL	Solanum_tuberosumDM_NLR_00G000610.1_NLR_CNL	Solanum_tuberosumE463_NLR_00G000620.1_NLR_CNL	Solanum_tuberosumRH_NLR_00G000630.1_NLR_CNL	Solanum_tuberosumRH1015_NLR_00G000600.1_NLR_CNL	-	Solanum_tuberosum_goniocalyx_NLR_00G002930.1_NLR_CNL	Solanum_tuberosum_goniocalyxC098_NLR_00G008580.1_NLR_CNL	Solanum_tuberosum_phurejaC058_NLR_00G005360.1_NLR_CNL	Solanum_tuberosum_phurejaC115_NLR_00G001830.1_NLR_CNL	Solanum_tuberosum_phurejaC118_NLR_00G006070.1_NLR_CNL	Solanum_tuberosum_phurejaC190_NLR_00G008260.1_NLR_CNL	Solanum_tuberosum_phurejaC219_NLR_00G002490.1_NLR_CNL	Solanum_tuberosum_phurejaC426_NLR_00G003920.1_NLR_CNL	Solanum_tuberosum_phurejaE8669_NLR_00G000610.1_NLR_CNL	Solanum_tuberosum_stenotomumA626_NLR_00G000580.1_NLR_CNL	Solanum_tuberosum_stenotomumC001_NLR_00G001080.1_NLR_CNL	Solanum_tuberosum_stenotomumC005_NLR_00G001170.1_NLR_CNL	Solanum_tuberosum_stenotomumC056_NLR_00G002500.1_NLR_CNL	Solanum_tuberosum_stenotomumC093_NLR_00G001400.1_NLR_CNL	Solanum_tuberosum_stenotomumC151_NLR_00G000640.1_NLR_CNL	Solanum_vernei_NLR_00G001420.1_NLR_CNL	-
Clade0000145	Solanum_andreanum_NLR_00G001530.1_NLR_CNL	Solanum_boliviense_NLR_00G011610.1_NLR_NBS	Solanum_brevicaule_NLR_00G000100.1_NLR_NBS	Solanum_buesii_NLR_00G009530.1_NLR_CNL	Solanum_bulbocastanum_NLR_00G006100.1_NLR_CNL	Solanum_burkartii_NLR_00G002980.1_NLR_NBS	Solanum_cajamarquense_NLR_00G007640.1_NLR_NL	Solanum_cajamarquenseC534_NLR_00G001530.1_NLR_CNL	Solanum_candolleanum_NLR_00G005160.1_NLR_NL	Solanum_candolleanumC399_NLR_00G007360.1_NLR_CNL	Solanum_candolleanumC400_NLR_00G006540.1_NLR_CNL	-	Solanum_candolleanumC574_NLR_00G009960.1_NLR_NL	Solanum_cardiophyllumC509_NLR_00G006740.1_NLR_CNL	Solanum_chacoense_NLR_00G005870.1_NLR_CNL	Solanum_chacoenseC555_NLR_00G007280.1_NLR_CNL	Solanum_chomatophilum_NLR_00G003210.1_NLR_NL	Solanum_commersonii_NLR_00G007860.1_NLR_CNL	Solanum_commersoniiC672_NLR_00G006350.1_NLR_CNL	Solanum_dolichocremastrumC850_NLR_00G000440.1_NLR_CNL	Solanum_hintoniiC871_NLR_00G000290.1_NLR_NL	Solanum_jamesii_NLR_00G004750.1_NLR_NL	Solanum_lignicaule_NLR_00G003900.1_NLR_NL	Solanum_morelliforme_NLR_00G004290.1_NLR_CNL	Solanum_multiinterruptum_NLR_00G005310.1_NLR_CNL	Solanum_neorossii_NLR_00G008420.1_NLR_NL	Solanum_paucissectum_NLR_00G005920.1_NLR_NL	Solanum_pinnatisectum_NLR_00G002660.1_NLR_CNL	Solanum_piurae_NLR_00G001270.1_NLR_CNL	Solanum_sogarandinum_NLR_00G001920.1_NLR_CN	Solanum_tuberosumC337_NLR_00G008730.1_NLR_CNL	Solanum_tuberosumDM_NLR_00G004500.1_NLR_CNL	Solanum_tuberosumE463_NLR_00G005760.1_NLR_NL	Solanum_tuberosumRH_NLR_00G005610.1_NLR_NL	Solanum_tuberosumRH1015_NLR_00G004800.1_NLR_NL	-	Solanum_tuberosum_goniocalyx_NLR_00G004220.1_NLR_CNL	Solanum_tuberosum_goniocalyxC098_NLR_00G006010.1_NLR_CNL	Solanum_tuberosum_phurejaC058_NLR_00G005290.1_NLR_CNL	Solanum_tuberosum_phurejaC115_NLR_00G000180.1_NLR_NL	Solanum_tuberosum_phurejaC118_NLR_00G011180.1_NLR_CNL	Solanum_tuberosum_phurejaC190_NLR_00G005720.1_NLR_CNL	Solanum_tuberosum_phurejaC219_NLR_00G002120.1_NLR_NL	Solanum_tuberosum_phurejaC426_NLR_00G009620.1_NLR_NL	Solanum_tuberosum_phurejaE8669_NLR_00G005690.1_NLR_NL	Solanum_tuberosum_stenotomumA626_NLR_00G005060.1_NLR_CNL	Solanum_tuberosum_stenotomumC001_NLR_00G002400.1_NLR_NL	Solanum_tuberosum_stenotomumC005_NLR_00G010510.1_NLR_NL	Solanum_tuberosum_stenotomumC056_NLR_00G007790.1_NLR_CNL,Solanum_tuberosum_stenotomumC056_NLR_00G007850.1_NLR_CNL	Solanum_tuberosum_stenotomumC093_NLR_00G009940.1_NLR_CNL	Solanum_tuberosum_stenotomumC151_NLR_00G005460.1_NLR_NL	Solanum_vernei_NLR_00G012820.1_NLR_CNL	-
Clade0000146	Solanum_andreanum_NLR_00G004430.1_NLR_NL	Solanum_boliviense_NLR_00G009460.1_NLR_CNL	Solanum_brevicaule_NLR_00G005700.1_NLR_NL	Solanum_buesii_NLR_00G005360.1_NLR_CNL	Solanum_bulbocastanum_NLR_00G006670.1_NLR_NL	Solanum_burkartii_NLR_00G003280.1_NLR_NL	Solanum_cajamarquense_NLR_00G009090.1_NLR_CNL	Solanum_cajamarquenseC534_NLR_00G003090.1_NLR_NL	Solanum_candolleanum_NLR_00G009180.1_NLR_NL	Solanum_candolleanumC399_NLR_00G005600.1_NLR_NL	Solanum_candolleanumC400_NLR_00G005700.1_NLR_NL	Solanum_candolleanumC454_NLR_00G006640.1_NLR_NL	Solanum_candolleanumC574_NLR_00G000900.1_NLR_NL	Solanum_cardiophyllumC509_NLR_00G004490.1_NLR_NL	Solanum_chacoense_NLR_00G004860.1_NLR_NL	Solanum_chacoenseC555_NLR_00G004680.1_NLR_NL	Solanum_chomatophilum_NLR_00G008980.1_NLR_NL	Solanum_commersonii_NLR_00G005790.1_NLR_NL	Solanum_commersoniiC672_NLR_00G004140.1_NLR_NL	Solanum_dolichocremastrumC850_NLR_00G005470.1_NLR_NL	Solanum_hintoniiC871_NLR_00G004740.1_NLR_NL	Solanum_jamesii_NLR_00G001630.1_NLR_CNL	Solanum_lignicaule_NLR_00G005920.1_NLR_CNL	-	Solanum_multiinterruptum_NLR_00G006530.1_NLR_NL	Solanum_neorossii_NLR_00G004910.1_NLR_NL	Solanum_paucissectum_NLR_00G008090.1_NLR_CNL	Solanum_pinnatisectum_NLR_00G001240.1_NLR_NL	Solanum_piurae_NLR_00G005230.1_NLR_NL	Solanum_sogarandinum_NLR_00G004630.1_NLR_NL	Solanum_tuberosumC337_NLR_00G004900.1_NLR_NL	Solanum_tuberosumDM_NLR_00G008440.1_NLR_NL	Solanum_tuberosumE463_NLR_00G009870.1_NLR_NL	Solanum_tuberosumRH_NLR_00G010730.1_NLR_NL	Solanum_tuberosumRH1015_NLR_00G009650.1_NLR_NL	Solanum_tuberosum_ajanhuri_NLR_00G000970.1_NLR_NL	Solanum_tuberosum_goniocalyx_NLR_00G001610.1_NLR_NL	Solanum_tuberosum_goniocalyxC098_NLR_00G000540.1_NLR_NL	Solanum_tuberosum_phurejaC058_NLR_00G006780.1_NLR_NL	Solanum_tuberosum_phurejaC115_NLR_00G006840.1_NLR_NL	Solanum_tuberosum_phurejaC118_NLR_00G004800.1_NLR_NL	Solanum_tuberosum_phurejaC190_NLR_00G003540.1_NLR_NL	Solanum_tuberosum_phurejaC219_NLR_00G000830.1_NLR_NL	Solanum_tuberosum_phurejaC426_NLR_00G006410.1_NLR_NL	Solanum_tuberosum_phurejaE8669_NLR_00G009980.1_NLR_NL	Solanum_tuberosum_stenotomumA626_NLR_00G008980.1_NLR_NL	Solanum_tuberosum_stenotomumC001_NLR_00G004800.1_NLR_NL	Solanum_tuberosum_stenotomumC005_NLR_00G000970.1_NLR_NL	Solanum_tuberosum_stenotomumC056_NLR_00G004280.1_NLR_NL	Solanum_tuberosum_stenotomumC093_NLR_00G000440.1_NLR_NL	Solanum_tuberosum_stenotomumC151_NLR_00G009390.1_NLR_NL	Solanum_vernei_NLR_00G011270.1_NLR_NL	-
Clade0000151	Solanum_andreanum_NLR_00G000890.1_NLR_NL	Solanum_boliviense_NLR_00G007790.1_NLR_NL	Solanum_brevicaule_NLR_00G001630.1_NLR_NL	Solanum_buesii_NLR_00G010180.1_NLR_NL	Solanum_bulbocastanum_NLR_00G003580.1_NLR_NL	Solanum_burkartii_NLR_00G001560.1_NLR_NL	-	Solanum_cajamarquenseC534_NLR_00G003510.1_NLR_NL	Solanum_candolleanum_NLR_00G004710.1_NLR_NL	Solanum_candolleanumC399_NLR_00G003890.1_NLR_NL	Solanum_candolleanumC400_NLR_00G008700.1_NLR_NL	Solanum_candolleanumC454_NLR_00G005960.1_NLR_NL	Solanum_candolleanumC574_NLR_00G002290.1_NLR_NL	Solanum_cardiophyllumC509_NLR_00G001580.1_NLR_NL	Solanum_chacoense_NLR_00G007420.1_NLR_NL	Solanum_chacoenseC555_NLR_00G000730.1_NLR_NL	-	Solanum_commersonii_NLR_00G007270.1_NLR_NL	Solanum_commersoniiC672_NLR_00G000910.1_NLR_NL	Solanum_dolichocremastrumC850_NLR_00G004740.1_NLR_NL	Solanum_hintoniiC871_NLR_00G000270.1_NLR_NL	Solanum_jamesii_NLR_00G003870.1_NLR_NL	Solanum_lignicaule_NLR_00G004990.1_NLR_NL	Solanum_morelliforme_NLR_00G003580.1_NLR_NL	Solanum_multiinterruptum_NLR_00G006190.1_NLR_NL	Solanum_neorossii_NLR_00G001540.1_NLR_NL	Solanum_paucissectum_NLR_00G010340.1_NLR_NL	Solanum_pinnatisectum_NLR_00G001380.1_NLR_NL	Solanum_piurae_NLR_00G000460.1_NLR_NL	Solanum_sogarandinum_NLR_00G006600.1_NLR_NL	Solanum_tuberosumC337_NLR_00G002110.1_NLR_NL	Solanum_tuberosumDM_NLR_00G003990.1_NLR_NL	Solanum_tuberosumE463_NLR_00G005230.1_NLR_NL	Solanum_tuberosumRH_NLR_00G004570.1_NLR_NL	Solanum_tuberosumRH1015_NLR_00G004360.1_NLR_NL	Solanum_tuberosum_ajanhuri_NLR_00G001580.1_NLR_NL	Solanum_tuberosum_goniocalyx_NLR_00G000050.1_NLR_NL	Solanum_tuberosum_goniocalyxC098_NLR_00G008080.1_NLR_NL	Solanum_tuberosum_phurejaC058_NLR_00G005350.1_NLR_NL	Solanum_tuberosum_phurejaC115_NLR_00G001660.1_NLR_NL	Solanum_tuberosum_phurejaC118_NLR_00G004100.1_NLR_NL	Solanum_tuberosum_phurejaC190_NLR_00G006400.1_NLR_NL	Solanum_tuberosum_phurejaC219_NLR_00G004270.1_NLR_NL	Solanum_tuberosum_phurejaC426_NLR_00G001090.1_NLR_NL	Solanum_tuberosum_phurejaE8669_NLR_00G005200.1_NLR_NL	Solanum_tuberosum_stenotomumA626_NLR_00G004410.1_NLR_NL	Solanum_tuberosum_stenotomumC001_NLR_00G000020.1_NLR_NL	Solanum_tuberosum_stenotomumC005_NLR_00G003850.1_NLR_NL	Solanum_tuberosum_stenotomumC056_NLR_00G002380.1_NLR_NL	Solanum_tuberosum_stenotomumC093_NLR_00G002210.1_NLR_NL	Solanum_tuberosum_stenotomumC151_NLR_00G004730.1_NLR_NL	Solanum_vernei_NLR_00G003120.1_NLR_NL	-
Clade0000153	Solanum_andreanum_NLR_00G006290.1_NLR_CNL	Solanum_boliviense_NLR_00G007720.1_NLR_CNL	Solanum_brevicaule_NLR_00G010960.1_NLR_CNL	Solanum_buesii_NLR_00G008840.1_NLR_CNL	Solanum_bulbocastanum_NLR_00G002170.1_NLR_CNL	-	Solanum_cajamarquense_NLR_00G006710.1_NLR_CNL	Solanum_cajamarquenseC534_NLR_00G008240.1_NLR_CNL	-	Solanum_candolleanumC399_NLR_00G004190.1_NLR_CNL	Solanum_candolleanumC400_NLR_00G000250.1_NLR_CNL	Solanum_candolleanumC454_NLR_00G002490.1_NLR_CNL	Solanum_candolleanumC574_NLR_00G009280.1_NLR_CNL	Solanum_cardiophyllumC509_NLR_00G006950.1_NLR_CNL	Solanum_chacoense_NLR_00G005040.1_NLR_CN	Solanum_chacoenseC555_NLR_00G004010.1_NLR_CNL	Solanum_chomatophilum_NLR_00G010750.1_NLR_CN	Solanum_commersonii_NLR_00G007820.1_NLR_CNL	Solanum_commersoniiC672_NLR_00G001410.1_NLR_CNL	Solanum_dolichocremastrumC850_NLR_00G004330.1_NLR_CNL	Solanum_hintoniiC871_NLR_00G007080.1_NLR_CNL	Solanum_jamesii_NLR_00G004800.1_NLR_CNL	Solanum_lignicaule_NLR_00G005060.1_NLR_CNL	Solanum_morelliforme_NLR_00G001020.1_NLR_CNL	Solanum_multiinterruptum_NLR_00G007900.1_NLR_CNL	Solanum_neorossii_NLR_00G004380.1_NLR_CNL	Solanum_paucissectum_NLR_00G001710.1_NLR_CNL	Solanum_pinnatisectum_NLR_00G004660.1_NLR_CNL	Solanum_piurae_NLR_00G005960.1_NLR_CNL	Solanum_sogarandinum_NLR_00G001870.1_NLR_CNL	Solanum_tuberosumC337_NLR_00G007060.1_NLR_CNL	Solanum_tuberosumDM_NLR_00G000830.1_NLR_CNL	Solanum_tuberosumE463_NLR_00G000850.1_NLR_CNL	Solanum_tuberosumRH_NLR_00G000810.1_NLR_CNL	Solanum_tuberosumRH1015_NLR_00G000850.1_NLR_CNL	Solanum_tuberosum_ajanhuri_NLR_00G003070.1_NLR_CNL	Solanum_tuberosum_goniocalyx_NLR_00G009050.1_NLR_CNL	Solanum_tuberosum_goniocalyxC098_NLR_00G011120.1_NLR_CNL	Solanum_tuberosum_phurejaC058_NLR_00G004590.1_NLR_CNL	Solanum_tuberosum_phurejaC115_NLR_00G000120.1_NLR_CNL	Solanum_tuberosum_phurejaC118_NLR_00G008150.1_NLR_CNL	Solanum_tuberosum_phurejaC190_NLR_00G010960.1_NLR_CNL	Solanum_tuberosum_phurejaC219_NLR_00G007620.1_NLR_CNL	Solanum_tuberosum_phurejaC426_NLR_00G003980.1_NLR_CNL	Solanum_tuberosum_phurejaE8669_NLR_00G000870.1_NLR_CNL	Solanum_tuberosum_stenotomumA626_NLR_00G000790.1_NLR_CNL	Solanum_tuberosum_stenotomumC001_NLR_00G002320.1_NLR_CNL	-	Solanum_tuberosum_stenotomumC056_NLR_00G006850.1_NLR_CNL	Solanum_tuberosum_stenotomumC093_NLR_00G004620.1_NLR_CNL	Solanum_tuberosum_stenotomumC151_NLR_00G000850.1_NLR_CNL	Solanum_vernei_NLR_00G009780.1_NLR_CNL	-
Clade0000154	Solanum_andreanum_NLR_00G006270.1_NLR_NL	Solanum_boliviense_NLR_00G007700.1_NLR_NL	Solanum_brevicaule_NLR_00G009840.1_NLR_NL	Solanum_buesii_NLR_00G008800.1_NLR_NL	Solanum_bulbocastanum_NLR_00G002140.1_NLR_NBS	Solanum_burkartii_NLR_00G001880.1_NLR_NL	Solanum_cajamarquense_NLR_00G006730.1_NLR_NL	Solanum_cajamarquenseC534_NLR_00G008220.1_NLR_NL	Solanum_candolleanum_NLR_00G000890.1_NLR_NL	-	Solanum_candolleanumC400_NLR_00G006380.1_NLR_NL	Solanum_candolleanumC454_NLR_00G009600.1_NLR_NL	Solanum_candolleanumC574_NLR_00G009260.1_NLR_NL	-	Solanum_chacoense_NLR_00G014250.1_NLR_NL	Solanum_chacoenseC555_NLR_00G004040.1_NLR_NL	Solanum_chomatophilum_NLR_00G010720.1_NLR_NL	Solanum_commersonii_NLR_00G007800.1_NLR_NL	Solanum_commersoniiC672_NLR_00G001390.1_NLR_NL	Solanum_dolichocremastrumC850_NLR_00G002230.1_NLR_NL	Solanum_hintoniiC871_NLR_00G005910.1_NLR_NL	Solanum_jamesii_NLR_00G003460.1_NLR_NBS	Solanum_lignicaule_NLR_00G005090.1_NLR_NL	-	Solanum_multiinterruptum_NLR_00G007110.1_NLR_NL	Solanum_neorossii_NLR_00G003760.1_NLR_NL	Solanum_paucissectum_NLR_00G001690.1_NLR_NL	Solanum_pinnatisectum_NLR_00G004640.1_NLR_NL	Solanum_piurae_NLR_00G005980.1_NLR_NL	Solanum_sogarandinum_NLR_00G001890.1_NLR_NL	Solanum_tuberosumC337_NLR_00G007040.1_NLR_NL	Solanum_tuberosumDM_NLR_00G000850.1_NLR_NL	Solanum_tuberosumE463_NLR_00G000870.1_NLR_NL	Solanum_tuberosumRH_NLR_00G000830.1_NLR_NL	Solanum_tuberosumRH1015_NLR_00G000870.1_NLR_NL	Solanum_tuberosum_ajanhuri_NLR_00G003120.1_NLR_NL	Solanum_tuberosum_goniocalyx_NLR_00G009580.1_NLR_NL	Solanum_tuberosum_goniocalyxC098_NLR_00G011220.1_NLR_NL	Solanum_tuberosum_phurejaC058_NLR_00G004650.1_NLR_NL	Solanum_tuberosum_phurejaC115_NLR_00G000100.1_NLR_NL	Solanum_tuberosum_phurejaC118_NLR_00G008080.1_NLR_NL	Solanum_tuberosum_phurejaC190_NLR_00G008970.1_NLR_NL	Solanum_tuberosum_phurejaC219_NLR_00G007670.1_NLR_NL	Solanum_tuberosum_phurejaC426_NLR_00G003960.1_NLR_NL	Solanum_tuberosum_phurejaE8669_NLR_00G000890.1_NLR_NL	Solanum_tuberosum_stenotomumA626_NLR_00G000840.1_NLR_NL	Solanum_tuberosum_stenotomumC001_NLR_00G002340.1_NLR_NL	Solanum_tuberosum_stenotomumC005_NLR_00G006380.1_NLR_NL	Solanum_tuberosum_stenotomumC056_NLR_00G006830.1_NLR_NL	Solanum_tuberosum_stenotomumC093_NLR_00G004560.1_NLR_NL	Solanum_tuberosum_stenotomumC151_NLR_00G000920.1_NLR_NL	Solanum_vernei_NLR_00G012850.1_NLR_NL	-
Clade0000155	Solanum_andreanum_NLR_00G005790.1_NLR_NL	Solanum_boliviense_NLR_00G011280.1_NLR_NL	Solanum_brevicaule_NLR_00G007070.1_NLR_NL	Solanum_buesii_NLR_00G007440.1_NLR_NL	-	Solanum_burkartii_NLR_00G000890.1_NLR_NL	Solanum_cajamarquense_NLR_00G007460.1_NLR_NL	Solanum_cajamarquenseC534_NLR_00G004540.1_NLR_NL	Solanum_candolleanum_NLR_00G002890.1_NLR_NL	Solanum_candolleanumC399_NLR_00G008780.1_NLR_NL	Solanum_candolleanumC400_NLR_00G001970.1_NLR_NL	Solanum_candolleanumC454_NLR_00G000680.1_NLR_NL	Solanum_candolleanumC574_NLR_00G004880.1_NLR_NL	Solanum_cardiophyllumC509_NLR_00G004980.1_NLR_NL	Solanum_chacoense_NLR_00G006930.1_NLR_NL	Solanum_chacoenseC555_NLR_00G002240.1_NLR_NL	Solanum_chomatophilum_NLR_00G000660.1_NLR_NL	Solanum_commersonii_NLR_00G001990.1_NLR_NL	Solanum_commersoniiC672_NLR_00G002390.1_NLR_NL	Solanum_dolichocremastrumC850_NLR_00G002010.1_NLR_NL	Solanum_hintoniiC871_NLR_00G000390.1_NLR_NL	Solanum_jamesii_NLR_00G004450.1_NLR_NL	Solanum_lignicaule_NLR_00G004470.1_NLR_NL	Solanum_morelliforme_NLR_00G001230.1_NLR_NL	Solanum_multiinterruptum_NLR_00G002370.1_NLR_NL	Solanum_neorossii_NLR_00G004510.1_NLR_NL	Solanum_paucissectum_NLR_00G003160.1_NLR_NL	Solanum_pinnatisectum_NLR_00G004590.1_NLR_NL	-	-	Solanum_tuberosumC337_NLR_00G001210.1_NLR_NL	Solanum_tuberosumDM_NLR_00G002280.1_NLR_NL	Solanum_tuberosumE463_NLR_00G002560.1_NLR_NL	Solanum_tuberosumRH_NLR_00G002400.1_NLR_NL	Solanum_tuberosumRH1015_NLR_00G002270.1_NLR_NL	Solanum_tuberosum_ajanhuri_NLR_00G003040.1_NLR_NL	Solanum_tuberosum_goniocalyx_NLR_00G003040.1_NLR_NL	Solanum_tuberosum_goniocalyxC098_NLR_00G002810.1_NLR_NL	Solanum_tuberosum_phurejaC058_NLR_00G000600.1_NLR_NL	Solanum_tuberosum_phurejaC115_NLR_00G002030.1_NLR_NL	Solanum_tuberosum_phurejaC118_NLR_00G001590.1_NLR_NL	Solanum_tuberosum_phurejaC190_NLR_00G006290.1_NLR_NL	Solanum_tuberosum_phurejaC219_NLR_00G007470.1_NLR_NL	Solanum_tuberosum_phurejaC426_NLR_00G000360.1_NLR_NL	Solanum_tuberosum_phurejaE8669_NLR_00G003370.1_NLR_NL	Solanum_tuberosum_stenotomumA626_NLR_00G002720.1_NLR_NL	Solanum_tuberosum_stenotomumC001_NLR_00G001330.1_NLR_NL	Solanum_tuberosum_stenotomumC005_NLR_00G000050.1_NLR_NL	Solanum_tuberosum_stenotomumC056_NLR_00G003750.1_NLR_NL	Solanum_tuberosum_stenotomumC093_NLR_00G002820.1_NLR_NL	Solanum_tuberosum_stenotomumC151_NLR_00G003020.1_NLR_NL	Solanum_vernei_NLR_00G004850.1_NLR_NL	-
